user_id,age,income,credit_score,debt_to_income,loan_amount,loan_term,employment_years,number_of_credit_lines,late_payments,default_history,industry,marital_status,education
USER_00001,34,12606.85,684,0.2959,321668.37,47,18,3,3,0,制造业,离婚,本科
USER_00002,61,45439.76,678,0.5182,649437.69,17,4,1,1,1,其他,丧偶,本科
USER_00003,41,6329.71,763,0.4197,208126.6,28,13,1,1,0,医疗,已婚,大专
USER_00004,52,17551.5,645,0.316,309045.49,39,7,3,5,0,零售,已婚,大专
USER_00005,25,81218.26,846,0.3978,3380904.61,55,13,2,1,0,金融,单身,硕士
USER_00006,39,11385.2,668,0.3351,403408.08,32,13,8,2,1,医疗,丧偶,博士
USER_00007,23,10357.71,750,0.6442,279125.78,56,7,1,0,0,医疗,单身,高中及以下
USER_00008,20,15076.46,671,0.1768,322905.43,36,9,3,3,1,医疗,已婚,高中及以下
USER_00009,41,16767.51,578,0.3912,476667.6,43,6,2,4,1,金融,丧偶,高中及以下
USER_00010,26,18825.29,631,0.5223,991753.04,52,12,2,1,2,其他,丧偶,硕士
USER_00011,18,13191.97,802,0.288,737107.17,52,9,1,0,0,教育,单身,高中及以下
USER_00012,58,12046.08,728,0.6054,369885.75,16,8,3,2,0,IT,单身,高中及以下
USER_00013,23,5185.23,713,0.3724,88944.72,13,9,5,1,1,其他,离婚,博士
USER_00014,25,10273.44,736,0.3177,260547.93,45,10,1,1,0,金融,离婚,硕士
USER_00015,33,16865.64,694,0.4627,793207.38,16,6,3,3,1,制造业,丧偶,本科
USER_00016,46,62314.3,632,0.2548,1562229.38,23,12,10,3,2,IT,丧偶,硕士
USER_00017,30,15295.18,798,0.626,662427.53,56,7,9,0,0,零售,丧偶,大专
USER_00018,24,9575.72,718,0.6826,129931.5,28,8,4,2,0,其他,离婚,大专
USER_00019,21,16668.23,658,0.5139,966498.85,45,9,4,3,1,IT,单身,硕士
USER_00020,39,12440.73,697,0.4156,421140.28,33,1,3,2,0,教育,单身,博士
USER_00021,48,7606.96,620,0.4332,268692.43,50,4,1,4,1,制造业,离婚,本科
USER_00022,24,10920.56,842,0.6443,433357.01,32,1,4,1,0,其他,离婚,博士
USER_00023,44,18817.68,585,0.4728,357774.28,57,15,4,6,3,教育,单身,博士
USER_00024,67,11941.46,788,0.6925,519915.81,34,5,1,0,0,金融,单身,本科
USER_00025,47,65384.49,782,0.6798,3365411.6,35,4,3,0,0,教育,丧偶,博士
USER_00026,52,38649.55,677,0.4229,773904.83,28,18,2,2,1,医疗,已婚,高中及以下
USER_00027,65,31497.94,832,0.646,1717053.57,50,5,2,1,0,房地产,单身,高中及以下
USER_00028,63,13444.52,719,0.6204,752166.07,32,18,4,1,1,IT,单身,硕士
USER_00029,25,5700.93,765,0.2341,230244.26,42,10,4,0,0,金融,丧偶,高中及以下
USER_00030,61,12733.75,659,0.4994,662998.44,38,9,3,3,0,其他,丧偶,大专
USER_00031,69,13320.37,686,0.3432,580522.07,35,7,1,0,1,制造业,丧偶,博士
USER_00032,31,15299.58,654,0.5195,433849.22,51,18,9,0,0,制造业,离婚,硕士
USER_00033,67,77768.3,768,0.2717,1369511.53,20,16,1,1,0,教育,单身,硕士
USER_00034,26,10207.76,649,0.2925,274388.4,16,10,8,3,0,制造业,单身,本科
USER_00035,47,16609.15,443,0.3682,977521.09,59,9,8,7,3,制造业,单身,博士
USER_00036,50,82313.48,746,0.1759,3053184.54,31,3,5,1,1,医疗,已婚,本科
USER_00037,39,46371.57,603,0.5586,2440908.56,31,10,4,4,2,其他,离婚,硕士
USER_00038,66,36973.82,739,0.3465,2108438.31,25,2,5,1,0,教育,已婚,硕士
USER_00039,20,17996.59,641,0.5567,293187.67,44,11,6,5,1,IT,离婚,博士
USER_00040,47,10767.88,710,0.2932,261278.58,41,20,6,2,0,IT,单身,硕士
USER_00041,51,15040.92,650,0.3813,218431.63,21,16,1,3,1,医疗,单身,博士
USER_00042,55,17578.85,671,0.342,651863.89,55,5,2,3,1,医疗,单身,本科
USER_00043,66,79022.38,607,0.4732,1175620.41,36,5,6,2,2,其他,丧偶,本科
USER_00044,27,17133.24,657,0.4657,735282.58,50,8,2,3,1,制造业,单身,高中及以下
USER_00045,59,7883.33,753,0.4181,275839.63,18,10,1,0,0,IT,丧偶,高中及以下
USER_00046,47,5609.28,712,0.3706,265248.27,24,16,8,0,0,金融,已婚,高中及以下
USER_00047,23,8962.55,712,0.4349,134926.67,37,9,2,0,1,金融,单身,博士
USER_00048,43,76819.37,649,0.6659,3174027.53,33,5,2,5,2,房地产,丧偶,高中及以下
USER_00049,64,8390.42,787,0.3906,233434.83,22,3,1,1,0,金融,已婚,大专
USER_00050,44,9677.76,714,0.5116,562576.78,44,8,5,1,1,零售,已婚,大专
USER_00051,68,6841.91,611,0.3426,113806.8,22,11,2,1,0,IT,离婚,高中及以下
USER_00052,32,7723.72,725,0.2968,271670.63,51,6,5,1,0,医疗,已婚,博士
USER_00053,37,13172.4,607,0.2029,748486.92,50,6,4,1,1,其他,已婚,硕士
USER_00054,62,14716.63,650,0.3018,439718.55,27,17,5,2,0,IT,离婚,本科
USER_00055,27,15468.95,807,0.5206,685691.35,17,13,3,1,0,其他,已婚,高中及以下
USER_00056,27,11532.54,737,0.4363,577761.03,25,8,8,0,0,制造业,已婚,高中及以下
USER_00057,43,12492.97,808,0.4056,510392.25,46,3,5,0,0,其他,丧偶,本科
USER_00058,29,17317.64,665,0.5423,947855.37,32,1,5,2,0,IT,丧偶,硕士
USER_00059,40,6372.45,709,0.3055,217715.36,25,11,4,1,0,制造业,已婚,本科
USER_00060,68,31279.73,806,0.2378,1332176.6,20,10,1,1,0,医疗,离婚,本科
USER_00061,68,7647.23,665,0.639,241839.34,25,1,5,2,0,医疗,已婚,本科
USER_00062,43,11956.08,691,0.3972,552740.25,48,7,3,0,0,医疗,单身,硕士
USER_00063,46,6053.59,699,0.6802,208494.79,45,1,3,1,1,制造业,单身,高中及以下
USER_00064,35,11463.68,635,0.6205,655109.35,59,7,2,1,1,其他,已婚,博士
USER_00065,60,18169.41,742,0.4543,592753.35,36,10,3,2,1,金融,已婚,大专
USER_00066,20,30621.27,611,0.3351,1135134.54,22,7,4,5,0,教育,已婚,高中及以下
USER_00067,42,70757.06,798,0.2431,1760678.73,42,5,3,1,0,零售,单身,博士
USER_00068,45,16815.12,702,0.2864,927357.38,56,17,5,1,0,医疗,已婚,博士
USER_00069,24,8391.86,808,0.1009,236502.72,23,9,1,0,0,医疗,丧偶,本科
USER_00070,21,6364.67,604,0.5186,280586.48,18,2,9,1,1,医疗,已婚,硕士
USER_00071,37,68079.37,850,0.4818,890977.16,25,15,9,1,0,零售,单身,高中及以下
USER_00072,36,17360.99,539,0.3621,865969.16,31,10,5,10,1,制造业,离婚,硕士
USER_00073,38,97842.0,718,0.2334,1228021.6,59,12,1,2,0,IT,已婚,大专
USER_00074,27,9562.53,686,0.3807,339958.14,34,17,7,3,1,零售,单身,大专
USER_00075,43,15511.75,828,0.408,771998.27,34,17,2,0,0,制造业,离婚,本科
USER_00076,63,10162.12,611,0.4644,376905.51,18,1,3,5,1,制造业,离婚,硕士
USER_00077,65,63625.35,738,0.5208,2205057.53,37,13,3,1,1,IT,离婚,高中及以下
USER_00078,39,10935.34,787,0.4285,482078.79,15,7,1,1,0,零售,已婚,大专
USER_00079,39,7179.0,831,0.4088,229892.18,15,2,9,0,0,制造业,已婚,博士
USER_00080,50,8448.89,689,0.2709,291639.07,32,6,1,2,1,教育,离婚,高中及以下
USER_00081,32,8032.73,838,0.4663,441358.94,59,14,2,0,0,房地产,单身,高中及以下
USER_00082,54,49215.71,696,0.2521,2785734.45,56,13,8,2,0,金融,已婚,博士
USER_00083,55,12736.53,663,0.4008,455138.09,24,2,8,0,1,教育,离婚,高中及以下
USER_00084,70,6034.71,823,0.5764,93954.09,60,6,2,1,0,教育,离婚,大专
USER_00085,68,58772.57,643,0.3001,2689999.39,51,18,3,1,2,医疗,丧偶,博士
USER_00086,53,11803.21,641,0.38,168876.24,18,14,1,3,2,其他,已婚,本科
USER_00087,67,15757.51,583,0.4599,266316.93,28,10,3,3,2,其他,丧偶,本科
USER_00088,18,11312.74,844,0.3587,331694.63,29,8,3,1,0,房地产,已婚,本科
USER_00089,28,10887.54,651,0.2295,343303.37,12,8,0,3,1,医疗,丧偶,高中及以下
USER_00090,50,80033.87,840,0.3772,1345713.28,51,3,5,0,0,零售,离婚,高中及以下
USER_00091,37,12786.91,574,0.3461,725564.09,59,8,1,7,3,其他,单身,本科
USER_00092,27,18518.96,741,0.6673,511122.96,51,1,2,1,0,房地产,离婚,大专
USER_00093,58,16552.75,748,0.5506,300869.04,47,6,2,1,0,制造业,丧偶,硕士
USER_00094,30,18509.57,670,0.4477,550342.23,39,8,5,0,0,教育,已婚,硕士
USER_00095,58,10319.7,850,0.3006,574722.1,18,18,7,1,0,IT,单身,硕士
USER_00096,55,9806.94,633,0.3363,201990.19,57,6,5,3,2,零售,离婚,高中及以下
USER_00097,60,78087.77,621,0.5733,4666107.85,23,8,6,4,2,制造业,离婚,大专
USER_00098,48,17319.34,669,0.3469,585171.65,32,19,5,2,1,房地产,离婚,高中及以下
USER_00099,67,15968.82,625,0.4379,850206.4,36,4,5,3,2,零售,单身,高中及以下
USER_00100,69,11906.13,614,0.6164,457452.42,24,15,3,2,1,金融,单身,大专
USER_00101,25,17546.75,789,0.2032,931984.0,20,4,1,0,0,其他,单身,本科
USER_00102,41,29279.18,613,0.2267,1236290.8,21,1,9,4,2,教育,离婚,大专
USER_00103,52,13593.12,726,0.498,484993.53,40,2,5,1,0,其他,单身,硕士
USER_00104,31,16411.53,645,0.6923,439241.78,46,1,6,1,1,IT,已婚,硕士
USER_00105,34,13821.93,838,0.2974,721151.74,57,3,4,0,0,房地产,单身,本科
USER_00106,21,8734.04,738,0.2542,119604.55,14,19,9,2,0,零售,单身,大专
USER_00107,62,5457.29,833,0.4385,256079.09,26,11,3,1,0,其他,单身,硕士
USER_00108,31,18177.11,716,0.4072,1073808.11,40,1,4,2,1,教育,单身,硕士
USER_00109,47,31920.48,823,0.5869,1810052.65,12,14,5,1,0,医疗,单身,本科
USER_00110,21,19225.02,736,0.5021,798117.55,46,13,6,0,0,医疗,已婚,本科
USER_00111,42,12923.0,712,0.6154,284820.41,41,9,5,2,1,教育,单身,博士
USER_00112,57,10626.75,679,0.3288,431571.29,46,14,5,2,1,IT,丧偶,本科
USER_00113,30,12935.18,680,0.5035,492357.72,17,1,1,1,0,教育,单身,本科
USER_00114,52,5257.8,642,0.4139,189893.34,33,2,8,1,2,IT,单身,博士
USER_00115,24,10833.03,602,0.4554,414185.38,29,3,5,1,1,教育,单身,高中及以下
USER_00116,31,12698.19,792,0.2661,341975.82,47,1,3,1,0,IT,已婚,本科
USER_00117,37,11259.01,622,0.2782,152179.66,13,3,10,4,0,零售,丧偶,大专
USER_00118,37,34862.07,644,0.6404,528977.7,28,7,3,3,1,零售,离婚,高中及以下
USER_00119,39,7007.58,839,0.2901,329157.82,57,13,8,0,0,IT,离婚,硕士
USER_00120,47,16441.03,662,0.5211,222081.74,48,8,7,1,0,制造业,丧偶,硕士
USER_00121,26,64984.7,767,0.359,794625.47,39,1,5,1,0,零售,单身,高中及以下
USER_00122,67,16707.1,677,0.4319,343627.78,47,7,10,3,1,IT,丧偶,大专
USER_00123,61,5376.41,696,0.2164,188270.88,54,1,5,2,1,制造业,已婚,硕士
USER_00124,57,8634.61,757,0.6803,445258.65,54,1,5,1,0,房地产,丧偶,大专
USER_00125,59,8566.54,723,0.4192,152918.86,24,10,7,1,1,其他,已婚,高中及以下
USER_00126,41,19217.13,653,0.3024,494944.78,60,4,4,3,1,零售,单身,博士
USER_00127,34,24309.49,752,0.6724,1317165.75,12,6,5,1,0,金融,已婚,本科
USER_00128,46,18785.29,607,0.4587,841619.34,31,10,5,2,2,金融,丧偶,博士
USER_00129,50,13913.61,674,0.4952,389487.45,53,16,2,0,1,医疗,离婚,博士
USER_00130,66,5142.68,451,0.2166,278737.96,33,4,9,10,1,其他,离婚,高中及以下
USER_00131,22,10157.27,678,0.6599,307393.02,27,17,8,0,1,制造业,单身,硕士
USER_00132,28,9910.24,605,0.5975,472834.48,20,5,1,3,1,零售,单身,高中及以下
USER_00133,39,5747.19,634,0.1731,287914.99,35,7,9,3,1,金融,离婚,硕士
USER_00134,55,5159.32,837,0.6441,150552.35,43,5,4,0,0,金融,单身,本科
USER_00135,58,17343.72,692,0.3119,750988.28,28,16,3,0,0,其他,已婚,硕士
USER_00136,30,5534.63,809,0.3133,260494.87,14,5,1,1,0,制造业,离婚,大专
USER_00137,50,38163.26,735,0.5587,1859084.54,12,5,3,0,0,IT,单身,硕士
USER_00138,35,35565.36,700,0.2195,1034730.91,19,2,3,2,0,IT,丧偶,高中及以下
USER_00139,44,17834.38,831,0.1496,870029.05,60,1,4,1,0,教育,单身,博士
USER_00140,29,15710.25,772,0.3439,739549.92,17,2,2,1,0,房地产,单身,高中及以下
USER_00141,31,9296.1,653,0.3534,411602.42,48,10,4,3,0,医疗,单身,高中及以下
USER_00142,32,8367.1,637,0.3757,459648.17,21,11,5,4,0,金融,离婚,硕士
USER_00143,43,15961.12,786,0.2797,458888.57,40,12,0,0,0,制造业,离婚,本科
USER_00144,43,9765.91,647,0.2812,226248.27,20,17,0,3,1,零售,丧偶,大专
USER_00145,69,8021.78,600,0.2682,127702.64,54,3,3,5,0,金融,离婚,本科
USER_00146,36,18473.31,640,0.6493,555248.63,33,9,3,3,0,金融,离婚,大专
USER_00147,20,11746.48,662,0.3942,696787.27,41,6,2,3,0,医疗,单身,高中及以下
USER_00148,29,6882.92,619,0.5869,130409.23,46,2,5,2,1,其他,单身,硕士
USER_00149,55,8253.59,728,0.6474,117829.57,54,9,5,2,0,IT,离婚,高中及以下
USER_00150,43,8308.3,817,0.3987,425526.36,29,4,8,0,0,IT,丧偶,硕士
USER_00151,39,19311.23,621,0.3556,696695.04,57,3,8,2,0,其他,已婚,硕士
USER_00152,51,9019.45,621,0.5034,126310.69,16,10,1,1,1,制造业,已婚,大专
USER_00153,19,11229.7,685,0.2994,326812.2,30,4,8,3,0,金融,单身,硕士
USER_00154,41,12380.46,767,0.6673,442262.32,28,17,8,1,0,制造业,离婚,博士
USER_00155,63,8209.31,843,0.4126,148366.26,49,10,5,1,0,其他,离婚,本科
USER_00156,51,18166.5,830,0.3833,385737.8,24,18,5,1,0,房地产,单身,硕士
USER_00157,31,56715.58,819,0.2575,2004172.97,17,12,3,0,0,医疗,丧偶,本科
USER_00158,30,14485.31,614,0.2912,749652.11,28,10,1,2,1,其他,离婚,硕士
USER_00159,28,15639.92,653,0.471,760072.21,30,16,7,0,1,医疗,丧偶,本科
USER_00160,26,8693.73,813,0.4618,189824.79,29,15,10,1,0,医疗,已婚,硕士
USER_00161,45,17567.36,818,0.4825,551907.58,53,1,9,0,0,医疗,已婚,本科
USER_00162,67,38216.03,683,0.2135,922575.38,39,1,4,3,1,教育,离婚,博士
USER_00163,66,97272.17,737,0.5933,2568233.45,47,2,5,1,1,其他,离婚,本科
USER_00164,60,16445.73,603,0.117,956358.97,47,8,5,4,0,IT,离婚,本科
USER_00165,54,8148.67,777,0.3447,338798.6,28,8,3,0,0,医疗,丧偶,硕士
USER_00166,49,11448.95,644,0.341,383787.2,33,4,1,3,0,金融,单身,大专
USER_00167,70,6916.37,771,0.1539,292380.52,42,7,1,1,0,医疗,离婚,高中及以下
USER_00168,61,96663.23,803,0.3844,4946246.11,45,9,7,0,0,IT,已婚,本科
USER_00169,70,89349.9,691,0.371,3460641.17,55,3,3,1,1,金融,离婚,高中及以下
USER_00170,64,12815.86,652,0.3492,463620.25,24,5,1,0,1,零售,单身,大专
USER_00171,68,19560.96,833,0.2975,759945.11,13,4,1,1,0,教育,单身,本科
USER_00172,29,7077.94,493,0.6305,324963.97,37,19,1,7,3,房地产,丧偶,本科
USER_00173,58,12805.96,607,0.4185,253025.31,20,1,1,5,1,教育,单身,硕士
USER_00174,26,18372.29,728,0.3012,231375.28,28,16,9,1,0,IT,离婚,本科
USER_00175,56,8141.29,792,0.2635,326276.54,34,15,9,0,0,金融,丧偶,本科
USER_00176,32,15000.15,811,0.3689,879406.27,16,10,1,1,0,IT,丧偶,高中及以下
USER_00177,21,15417.26,682,0.2121,855638.25,36,5,3,3,1,金融,已婚,高中及以下
USER_00178,26,11953.83,715,0.5041,222228.96,12,4,3,0,0,制造业,丧偶,博士
USER_00179,68,27608.17,665,0.4796,1048435.37,48,16,3,3,1,零售,丧偶,博士
USER_00180,20,13349.57,625,0.3447,698314.82,38,1,0,5,2,IT,离婚,高中及以下
USER_00181,42,11360.77,749,0.2976,473836.55,35,2,2,2,0,医疗,单身,本科
USER_00182,32,16431.12,819,0.2554,699572.65,25,10,2,0,0,房地产,离婚,硕士
USER_00183,25,9101.59,804,0.5728,259000.05,28,8,2,1,0,金融,单身,硕士
USER_00184,44,16969.4,796,0.4361,234448.0,36,2,0,1,0,医疗,单身,大专
USER_00185,69,7079.03,763,0.4996,398212.58,20,9,0,1,0,零售,单身,博士
USER_00186,62,8951.38,781,0.3421,189748.65,33,10,0,1,0,医疗,已婚,大专
USER_00187,18,9457.66,339,0.2581,338547.59,57,18,10,6,1,IT,离婚,硕士
USER_00188,63,5684.8,796,0.5819,175821.06,56,5,4,1,0,其他,离婚,本科
USER_00189,61,11035.76,805,0.5388,417856.36,25,10,5,1,0,金融,已婚,硕士
USER_00190,69,14069.82,719,0.2717,731130.0,21,0,1,0,1,医疗,已婚,本科
USER_00191,60,14603.49,772,0.366,396050.89,22,10,1,0,0,教育,丧偶,大专
USER_00192,64,16759.39,630,0.2593,424761.63,57,16,3,4,2,制造业,离婚,高中及以下
USER_00193,54,40733.13,843,0.3756,1367169.95,29,1,5,0,0,金融,离婚,大专
USER_00194,21,7916.4,653,0.6478,211183.29,53,9,8,3,0,制造业,单身,大专
USER_00195,38,5829.23,731,0.5511,332657.42,30,14,3,2,1,房地产,单身,本科
USER_00196,36,85784.43,303,0.3581,4683885.6,16,0,9,5,3,其他,单身,硕士
USER_00197,66,6264.94,704,0.1291,269778.55,45,3,2,0,0,教育,单身,本科
USER_00198,23,18864.31,720,0.2557,790805.51,48,5,3,1,0,房地产,丧偶,高中及以下
USER_00199,18,66738.18,694,0.6118,2738301.13,19,14,9,1,1,制造业,已婚,本科
USER_00200,62,14684.84,766,0.6485,323360.12,26,3,1,1,0,金融,单身,本科
USER_00201,59,30207.68,712,0.367,911148.29,16,7,3,0,1,医疗,单身,硕士
USER_00202,38,12922.09,653,0.3366,275838.93,30,10,2,3,1,其他,离婚,博士
USER_00203,68,9629.78,829,0.5091,195815.4,14,6,8,0,0,零售,离婚,博士
USER_00204,18,5987.09,630,0.4865,268308.36,12,6,2,1,2,房地产,丧偶,本科
USER_00205,50,7454.28,805,0.3998,94900.87,58,2,7,1,0,其他,已婚,大专
USER_00206,39,9579.14,762,0.6275,258787.47,29,9,7,0,0,制造业,已婚,本科
USER_00207,64,7869.89,667,0.4782,373100.34,23,5,0,0,1,IT,已婚,硕士
USER_00208,42,14963.37,811,0.4428,408878.47,12,10,3,0,0,教育,离婚,博士
USER_00209,23,15208.44,658,0.6594,789825.75,18,8,5,1,0,房地产,已婚,硕士
USER_00210,68,17845.99,633,0.5092,517703.19,57,1,2,5,0,房地产,单身,硕士
USER_00211,47,78818.53,808,0.5323,971987.2,52,10,3,1,0,零售,离婚,本科
USER_00212,20,22344.8,649,0.3651,679981.24,26,8,6,2,0,金融,已婚,本科
USER_00213,52,75335.44,653,0.6016,4100723.21,54,9,5,2,1,IT,丧偶,硕士
USER_00214,47,14994.86,689,0.5649,574434.73,40,16,5,2,1,医疗,丧偶,博士
USER_00215,28,15508.43,815,0.6762,673133.87,47,7,1,1,0,房地产,单身,本科
USER_00216,29,6515.03,610,0.4932,275811.33,22,19,10,5,0,IT,离婚,本科
USER_00217,66,19092.74,701,0.3268,417297.15,34,20,6,2,0,教育,丧偶,硕士
USER_00218,25,5375.56,790,0.4201,86023.29,30,11,0,0,0,医疗,已婚,高中及以下
USER_00219,61,29459.62,812,0.1724,1637276.99,26,1,4,1,0,房地产,单身,大专
USER_00220,67,12875.81,636,0.587,730343.98,60,4,3,1,1,金融,单身,高中及以下
USER_00221,70,16701.68,805,0.4683,695775.53,12,3,10,0,0,制造业,丧偶,大专
USER_00222,58,27368.2,617,0.3682,1512243.28,45,12,9,2,2,制造业,离婚,高中及以下
USER_00223,64,8418.71,745,0.368,110912.4,35,1,9,1,1,房地产,单身,高中及以下
USER_00224,21,15274.79,429,0.3478,861734.22,16,0,5,3,1,医疗,丧偶,博士
USER_00225,58,16551.0,605,0.2166,469524.99,46,7,4,5,2,教育,丧偶,大专
USER_00226,31,39273.85,792,0.3186,2173145.43,12,6,7,0,0,金融,已婚,博士
USER_00227,26,71568.57,622,0.3756,3679343.91,13,19,1,1,0,教育,单身,博士
USER_00228,66,14945.03,734,0.522,447154.88,50,8,3,2,1,医疗,单身,大专
USER_00229,34,12796.99,619,0.2255,640788.66,26,10,4,4,0,零售,离婚,高中及以下
USER_00230,62,6794.11,615,0.4317,226995.93,41,10,5,2,1,制造业,已婚,大专
USER_00231,52,10858.25,802,0.5219,416945.42,19,10,4,1,0,房地产,丧偶,高中及以下
USER_00232,18,79189.35,779,0.1888,2481594.57,36,6,5,1,0,其他,单身,本科
USER_00233,20,5429.16,587,0.6324,135637.09,27,8,10,9,1,金融,丧偶,硕士
USER_00234,42,6409.78,724,0.4161,224537.17,36,10,1,0,1,零售,已婚,硕士
USER_00235,60,18634.49,741,0.3487,344577.9,50,8,9,2,1,房地产,离婚,硕士
USER_00236,54,97380.98,813,0.2335,3095252.08,15,1,4,0,0,零售,丧偶,本科
USER_00237,49,41431.03,813,0.557,2284976.18,43,14,3,0,0,制造业,离婚,大专
USER_00238,20,10973.37,718,0.2318,383080.98,58,9,3,2,1,医疗,已婚,大专
USER_00239,23,17066.64,712,0.3027,297888.71,51,2,3,1,1,制造业,离婚,硕士
USER_00240,49,14479.24,346,0.2028,810227.36,42,14,7,4,1,IT,丧偶,本科
USER_00241,70,16802.61,660,0.3768,945901.57,50,7,1,0,1,教育,已婚,硕士
USER_00242,30,9887.96,741,0.572,271579.86,41,4,8,2,0,医疗,已婚,高中及以下
USER_00243,50,36896.43,841,0.4112,1352194.99,56,7,5,1,0,教育,离婚,硕士
USER_00244,54,11519.45,399,0.6418,294978.93,45,14,10,4,1,其他,已婚,大专
USER_00245,48,8037.75,626,0.5353,160624.85,47,20,4,4,2,IT,单身,硕士
USER_00246,22,16360.69,669,0.4893,841769.09,56,10,5,3,0,制造业,已婚,高中及以下
USER_00247,45,12481.49,653,0.2782,707812.66,39,7,3,0,0,零售,单身,大专
USER_00248,30,14273.45,611,0.3591,813927.34,23,8,3,3,1,金融,已婚,高中及以下
USER_00249,45,15490.37,797,0.2183,536265.35,33,2,5,1,0,医疗,离婚,博士
USER_00250,58,10401.48,710,0.2554,605886.03,55,12,7,2,0,金融,单身,本科
USER_00251,47,11509.76,600,0.5093,504617.72,52,5,3,2,0,金融,离婚,大专
USER_00252,67,17767.11,632,0.512,247484.29,22,7,2,2,2,医疗,已婚,大专
USER_00253,47,15163.11,707,0.437,574931.9,19,1,4,2,1,IT,离婚,大专
USER_00254,46,8126.96,715,0.2984,375234.54,37,13,8,1,1,金融,已婚,本科
USER_00255,42,6931.78,776,0.4959,320685.77,30,16,1,0,0,IT,已婚,博士
USER_00256,39,11574.6,463,0.1654,593406.24,25,5,4,3,1,其他,离婚,博士
USER_00257,54,17819.77,602,0.3616,281447.63,40,5,5,2,0,房地产,已婚,高中及以下
USER_00258,40,14639.0,690,0.344,581880.71,28,9,3,1,0,制造业,单身,博士
USER_00259,60,21991.43,812,0.5795,553972.06,35,9,7,1,0,医疗,单身,本科
USER_00260,32,19321.72,697,0.3507,768816.42,35,20,7,3,0,金融,已婚,博士
USER_00261,45,9375.69,623,0.2888,248697.61,33,13,6,3,1,金融,丧偶,高中及以下
USER_00262,32,76065.45,745,0.2268,1671101.78,54,15,2,1,1,IT,单身,博士
USER_00263,26,69981.43,826,0.6892,2144989.15,59,4,1,0,0,房地产,丧偶,硕士
USER_00264,70,8230.39,801,0.4404,263944.09,17,18,1,0,0,其他,丧偶,大专
USER_00265,62,24218.96,697,0.3129,1253103.03,36,2,8,2,1,零售,单身,本科
USER_00266,22,9455.92,646,0.6373,546848.32,35,2,10,1,1,金融,离婚,硕士
USER_00267,21,95025.94,708,0.6184,2733928.59,17,13,1,0,0,医疗,单身,硕士
USER_00268,19,13321.64,801,0.2873,318692.9,48,3,1,0,0,零售,丧偶,本科
USER_00269,38,7445.8,753,0.4692,113906.88,47,1,1,0,0,医疗,已婚,高中及以下
USER_00270,50,41526.37,737,0.5953,1124565.5,32,3,0,2,0,教育,离婚,高中及以下
USER_00271,56,6461.42,778,0.2768,252038.25,20,4,1,0,0,金融,已婚,博士
USER_00272,20,13523.99,562,0.3955,305988.14,33,13,1,4,3,金融,丧偶,博士
USER_00273,52,19357.8,674,0.6121,1126053.21,54,19,4,3,0,医疗,单身,高中及以下
USER_00274,20,14228.64,680,0.5746,765035.08,54,4,8,0,0,制造业,丧偶,本科
USER_00275,68,10266.79,719,0.335,161233.64,52,3,2,0,0,制造业,单身,高中及以下
USER_00276,62,82376.93,793,0.4177,2741579.78,14,2,3,1,0,教育,已婚,大专
USER_00277,20,18141.11,757,0.5848,588639.91,31,7,4,0,0,金融,离婚,本科
USER_00278,22,21369.85,618,0.3169,614339.34,38,3,4,4,0,制造业,已婚,博士
USER_00279,30,17366.65,710,0.4595,949914.92,12,5,3,0,0,零售,单身,本科
USER_00280,63,14437.34,626,0.286,410620.16,33,1,10,2,2,医疗,丧偶,高中及以下
USER_00281,39,19432.96,807,0.1168,535369.25,60,9,4,0,0,零售,单身,本科
USER_00282,51,8065.64,722,0.5608,220158.73,48,1,2,1,0,房地产,离婚,本科
USER_00283,41,38528.3,749,0.2034,1823865.41,29,0,5,0,0,其他,离婚,硕士
USER_00284,40,16979.91,714,0.2751,324333.72,44,2,1,1,1,金融,已婚,高中及以下
USER_00285,34,15001.48,708,0.5251,807460.39,48,3,4,2,1,制造业,已婚,博士
USER_00286,69,16736.73,607,0.5803,706122.85,13,3,4,1,1,其他,单身,本科
USER_00287,60,8480.64,807,0.2364,125521.37,14,2,1,0,0,IT,丧偶,大专
USER_00288,28,16584.2,371,0.5044,300663.88,28,10,3,9,3,其他,单身,硕士
USER_00289,27,16939.41,715,0.6984,274445.62,16,18,3,0,1,IT,单身,高中及以下
USER_00290,63,12333.68,771,0.3216,379955.14,60,3,1,1,0,零售,单身,博士
USER_00291,70,75954.92,830,0.4788,919783.1,44,4,3,1,0,医疗,离婚,硕士
USER_00292,49,17129.21,746,0.2443,483815.54,28,1,3,2,1,教育,已婚,大专
USER_00293,63,62704.86,610,0.3912,1174226.35,12,15,2,2,2,金融,已婚,高中及以下
USER_00294,66,19148.09,648,0.3918,577085.26,41,4,5,4,1,教育,丧偶,高中及以下
USER_00295,51,6534.84,749,0.4901,203751.09,30,4,8,0,0,房地产,离婚,大专
USER_00296,58,8919.2,305,0.4428,256490.42,52,4,8,8,3,金融,丧偶,博士
USER_00297,59,5847.75,644,0.6858,111814.4,31,10,5,4,2,零售,丧偶,高中及以下
USER_00298,30,8260.51,738,0.4671,260593.05,14,3,1,2,1,制造业,单身,大专
USER_00299,63,32462.72,604,0.2906,606511.37,53,3,2,4,0,金融,已婚,大专
USER_00300,63,17946.64,820,0.4467,274401.89,17,5,2,1,0,零售,离婚,本科
USER_00301,63,15332.64,660,0.2594,861302.2,15,14,9,3,1,教育,单身,本科
USER_00302,66,6030.4,754,0.2397,223503.93,42,14,9,0,0,医疗,单身,硕士
USER_00303,30,7364.18,751,0.2174,89923.91,51,1,4,1,0,房地产,离婚,大专
USER_00304,31,33587.68,687,0.4741,660127.05,25,12,2,1,1,房地产,丧偶,大专
USER_00305,70,5127.43,622,0.385,112465.95,42,2,9,1,1,其他,离婚,博士
USER_00306,41,8052.31,621,0.4512,220592.61,23,15,10,1,0,IT,丧偶,大专
USER_00307,56,70782.29,355,0.3221,3504718.62,45,2,1,7,1,金融,离婚,本科
USER_00308,18,11266.13,745,0.3279,582011.75,60,17,2,0,0,教育,离婚,大专
USER_00309,50,18831.65,821,0.5574,253802.38,58,5,4,1,0,零售,已婚,本科
USER_00310,38,5963.34,749,0.5413,110863.1,30,18,4,1,1,教育,丧偶,硕士
USER_00311,69,15959.38,609,0.2861,569556.15,53,10,1,2,1,IT,离婚,本科
USER_00312,69,14498.89,646,0.4419,519854.27,55,4,2,5,0,教育,离婚,大专
USER_00313,63,9812.28,573,0.2355,282065.19,53,1,3,7,3,其他,离婚,硕士
USER_00314,32,53894.39,834,0.2762,2943354.26,32,6,1,0,0,制造业,已婚,硕士
USER_00315,64,11073.85,678,0.168,304544.9,24,15,5,0,0,IT,离婚,博士
USER_00316,47,8902.54,697,0.3955,328627.67,33,1,5,0,0,医疗,离婚,本科
USER_00317,57,14468.09,742,0.5327,573251.19,53,5,2,1,1,制造业,已婚,本科
USER_00318,24,6296.15,753,0.2493,243750.0,14,7,3,0,0,教育,单身,本科
USER_00319,68,55761.05,771,0.6424,1307783.54,38,10,4,1,0,房地产,离婚,博士
USER_00320,33,58994.15,809,0.3249,3520110.14,33,4,0,1,0,教育,丧偶,大专
USER_00321,46,10415.94,656,0.6406,434090.1,58,1,4,3,0,教育,丧偶,博士
USER_00322,34,9091.09,791,0.2454,463956.16,57,8,4,1,0,其他,离婚,博士
USER_00323,37,5881.77,762,0.2391,225387.4,36,4,3,1,0,IT,离婚,高中及以下
USER_00324,44,31130.55,627,0.6273,1772960.0,42,6,9,2,2,IT,已婚,博士
USER_00325,64,11226.16,635,0.4709,531217.29,54,18,6,4,1,医疗,离婚,博士
USER_00326,18,10200.49,735,0.5016,229998.04,25,7,1,0,1,IT,离婚,本科
USER_00327,48,13135.45,686,0.3882,749760.53,12,10,1,1,0,医疗,已婚,本科
USER_00328,60,10126.33,616,0.674,219496.25,28,1,4,3,1,医疗,丧偶,硕士
USER_00329,70,69583.47,676,0.5026,3072698.67,16,6,10,1,1,制造业,丧偶,硕士
USER_00330,45,12451.68,812,0.2164,217382.72,51,2,1,1,0,其他,丧偶,博士
USER_00331,33,19662.11,671,0.4843,865925.01,38,3,1,2,1,教育,单身,本科
USER_00332,39,5019.52,672,0.212,70582.95,17,14,6,0,0,零售,丧偶,高中及以下
USER_00333,59,13167.66,731,0.406,402720.0,54,2,7,0,0,IT,已婚,本科
USER_00334,51,16239.84,611,0.6653,911055.32,20,8,0,4,1,IT,离婚,大专
USER_00335,69,9176.98,601,0.2737,179701.61,20,1,3,4,1,房地产,单身,高中及以下
USER_00336,64,19991.71,389,0.52,761296.03,60,0,5,8,3,其他,已婚,高中及以下
USER_00337,49,7560.74,661,0.4792,177698.81,30,16,1,0,0,教育,已婚,大专
USER_00338,57,15961.06,633,0.4387,864539.82,34,19,2,3,0,教育,单身,大专
USER_00339,70,9401.08,812,0.3781,291717.9,36,17,4,1,0,教育,已婚,硕士
USER_00340,29,11913.87,625,0.3001,205849.2,39,2,3,5,2,教育,丧偶,高中及以下
USER_00341,70,15620.77,733,0.6159,421816.56,53,4,2,0,1,制造业,离婚,高中及以下
USER_00342,64,17276.83,693,0.311,809865.55,34,9,5,3,0,零售,丧偶,高中及以下
USER_00343,65,10040.79,627,0.2583,264404.84,12,1,3,2,2,IT,离婚,本科
USER_00344,30,10342.26,802,0.1905,204987.9,13,9,1,1,0,房地产,离婚,高中及以下
USER_00345,65,12887.05,689,0.3774,539582.73,28,6,6,2,0,房地产,离婚,博士
USER_00346,26,17499.75,634,0.349,469414.66,22,13,5,3,2,零售,丧偶,大专
USER_00347,53,8367.61,745,0.6633,456761.32,56,7,3,0,0,IT,离婚,博士
USER_00348,63,5598.6,603,0.6965,71514.04,23,9,5,1,0,医疗,离婚,大专
USER_00349,66,7749.55,601,0.4205,371472.23,49,8,2,1,2,金融,离婚,大专
USER_00350,56,18309.03,408,0.4373,578605.41,59,2,5,9,1,零售,单身,高中及以下
USER_00351,51,5783.58,779,0.4156,297118.22,22,8,2,1,0,零售,已婚,大专
USER_00352,67,56582.31,795,0.5524,2560474.59,53,8,4,0,0,医疗,单身,本科
USER_00353,41,5117.16,646,0.6242,177773.98,55,7,0,1,2,零售,丧偶,硕士
USER_00354,24,6606.07,727,0.6938,193667.98,34,17,3,2,0,制造业,丧偶,博士
USER_00355,51,19416.19,787,0.4499,1020935.87,42,4,2,1,0,金融,单身,大专
USER_00356,40,5381.03,716,0.2251,92071.12,28,9,1,1,0,IT,已婚,硕士
USER_00357,54,83041.04,668,0.6099,3295929.8,52,8,1,2,1,医疗,离婚,大专
USER_00358,46,7364.66,776,0.4139,137939.04,46,6,3,0,0,房地产,离婚,高中及以下
USER_00359,42,75568.45,315,0.429,2121687.42,41,14,8,7,3,IT,已婚,硕士
USER_00360,59,5790.26,778,0.2143,243827.21,49,6,9,1,0,其他,离婚,大专
USER_00361,65,51260.65,751,0.6628,2637549.77,52,2,5,0,0,金融,离婚,硕士
USER_00362,55,12581.56,391,0.5494,214447.71,39,6,3,10,3,IT,丧偶,高中及以下
USER_00363,24,13383.54,682,0.316,726698.64,27,9,3,3,1,医疗,离婚,高中及以下
USER_00364,27,33055.68,602,0.1049,522007.83,54,5,9,2,0,金融,离婚,大专
USER_00365,18,14958.45,473,0.2854,572684.91,20,10,3,9,3,教育,离婚,硕士
USER_00366,53,8548.34,600,0.4428,387482.86,29,6,5,2,0,房地产,已婚,本科
USER_00367,37,8089.96,801,0.4911,287326.29,48,1,1,1,0,IT,丧偶,博士
USER_00368,69,8514.5,473,0.3209,102992.19,46,12,5,4,1,医疗,丧偶,博士
USER_00369,54,95448.17,737,0.3223,2818729.84,51,9,3,2,0,其他,单身,大专
USER_00370,67,6962.4,750,0.2643,101914.38,13,5,5,1,0,制造业,丧偶,本科
USER_00371,30,96932.78,737,0.36,3266053.85,35,2,6,2,1,医疗,离婚,高中及以下
USER_00372,47,84537.45,771,0.364,3556793.1,58,6,5,0,0,金融,单身,硕士
USER_00373,19,17988.37,629,0.2565,578646.27,33,9,1,4,2,IT,单身,高中及以下
USER_00374,59,42810.88,613,0.4092,546276.11,52,6,8,4,2,零售,离婚,大专
USER_00375,41,13966.23,604,0.4916,625266.36,13,13,2,5,0,制造业,丧偶,硕士
USER_00376,32,11400.08,601,0.2776,491046.93,35,2,1,5,2,金融,已婚,大专
USER_00377,64,9626.65,811,0.4711,502325.78,17,5,6,1,0,零售,单身,大专
USER_00378,62,13810.64,688,0.2116,329350.31,18,8,5,0,1,房地产,单身,高中及以下
USER_00379,65,17845.83,683,0.4636,1063519.61,20,19,4,3,1,IT,已婚,大专
USER_00380,62,91622.19,659,0.2736,4335370.75,38,10,3,1,0,IT,离婚,博士
USER_00381,54,9915.84,663,0.3979,140867.93,32,10,3,1,0,金融,离婚,大专
USER_00382,45,29943.58,699,0.2474,849197.33,40,5,5,2,1,医疗,已婚,硕士
USER_00383,24,39060.47,673,0.5386,1268086.27,19,7,5,2,1,其他,丧偶,博士
USER_00384,36,56124.29,678,0.4293,776219.5,41,8,1,3,0,金融,单身,高中及以下
USER_00385,68,30232.88,691,0.6571,1239141.17,57,6,10,0,0,IT,离婚,博士
USER_00386,63,19598.65,787,0.295,247675.25,38,3,2,0,0,房地产,丧偶,博士
USER_00387,70,8205.13,750,0.2878,407257.4,23,5,10,1,0,房地产,丧偶,大专
USER_00388,18,12848.97,790,0.2316,398749.06,15,9,1,0,0,IT,丧偶,硕士
USER_00389,59,17551.46,750,0.4291,962400.88,51,12,1,0,0,教育,丧偶,本科
USER_00390,67,12005.41,691,0.3617,364952.37,28,7,3,0,0,医疗,单身,高中及以下
USER_00391,34,6473.34,687,0.4413,182186.71,42,11,2,0,1,零售,离婚,大专
USER_00392,61,62530.42,724,0.4148,3094430.52,54,5,5,2,1,制造业,离婚,高中及以下
USER_00393,29,18470.74,823,0.4085,769243.97,41,6,5,0,0,金融,离婚,大专
USER_00394,52,11317.03,679,0.313,375466.88,21,4,5,3,0,医疗,单身,硕士
USER_00395,21,19005.02,635,0.4915,314437.37,42,3,3,4,2,金融,丧偶,本科
USER_00396,30,99668.38,843,0.2279,5603026.9,27,16,7,1,0,IT,单身,硕士
USER_00397,55,9599.4,821,0.2102,371115.38,60,10,5,0,0,教育,单身,高中及以下
USER_00398,30,78843.91,748,0.2082,4254585.46,33,5,4,1,1,金融,离婚,博士
USER_00399,38,6086.11,663,0.4687,128174.39,20,3,3,1,1,教育,单身,博士
USER_00400,21,12786.99,740,0.3203,397460.04,25,1,4,1,0,教育,离婚,大专
USER_00401,43,31234.29,709,0.3802,1830010.32,46,2,5,1,1,其他,离婚,博士
USER_00402,41,9073.64,716,0.2067,502569.47,19,13,2,0,0,金融,单身,硕士
USER_00403,70,15853.53,761,0.2564,235141.17,51,17,5,1,0,医疗,已婚,本科
USER_00404,28,19548.52,849,0.2766,562366.53,29,10,3,0,0,教育,丧偶,本科
USER_00405,29,14560.39,698,0.4139,384541.42,30,5,2,2,0,其他,单身,博士
USER_00406,60,14856.08,660,0.417,545276.38,31,9,1,3,1,教育,离婚,高中及以下
USER_00407,64,18733.34,692,0.6373,774894.94,47,14,0,0,1,制造业,离婚,高中及以下
USER_00408,47,28338.82,758,0.6222,505429.44,40,16,4,1,0,零售,丧偶,高中及以下
USER_00409,69,12184.07,785,0.4712,343926.79,48,11,1,0,0,教育,丧偶,高中及以下
USER_00410,68,17972.0,829,0.4473,948451.43,43,18,1,0,0,医疗,离婚,大专
USER_00411,38,17988.9,626,0.397,623808.98,28,8,2,5,0,其他,丧偶,高中及以下
USER_00412,49,12569.01,762,0.2022,295640.85,28,20,6,0,0,医疗,已婚,高中及以下
USER_00413,20,19182.47,601,0.5763,1141592.57,39,19,5,2,1,零售,单身,大专
USER_00414,34,5562.8,715,0.492,137504.58,42,3,1,2,0,零售,单身,硕士
USER_00415,61,28329.67,743,0.228,1188117.81,12,7,2,0,0,金融,丧偶,博士
USER_00416,46,10775.95,638,0.4475,555685.8,49,5,1,5,2,金融,丧偶,硕士
USER_00417,52,7656.69,815,0.4759,230240.12,40,6,8,1,0,零售,丧偶,硕士
USER_00418,49,7605.02,764,0.6646,372903.11,56,12,3,0,0,制造业,丧偶,博士
USER_00419,39,78542.1,765,0.446,3117133.88,22,4,4,0,0,房地产,丧偶,硕士
USER_00420,24,31208.74,760,0.4932,1084097.18,31,9,5,0,0,医疗,离婚,高中及以下
USER_00421,60,7462.5,818,0.6816,207680.03,58,7,8,0,0,金融,离婚,硕士
USER_00422,23,12519.44,626,0.5314,718597.61,54,2,2,1,2,房地产,丧偶,本科
USER_00423,27,5621.01,687,0.6198,290347.26,32,15,5,0,0,房地产,离婚,大专
USER_00424,51,13869.96,624,0.6245,775146.61,14,9,0,4,2,房地产,单身,本科
USER_00425,39,9256.25,774,0.4489,500374.38,20,4,9,1,0,零售,单身,大专
USER_00426,49,10996.54,645,0.4276,380129.3,16,1,4,3,1,房地产,丧偶,高中及以下
USER_00427,43,11695.22,756,0.5833,149497.45,14,19,2,1,0,零售,离婚,高中及以下
USER_00428,35,19728.92,622,0.2795,876696.65,28,8,0,5,0,教育,单身,博士
USER_00429,57,10258.07,677,0.3192,160996.95,23,20,3,0,0,其他,单身,博士
USER_00430,68,6600.37,638,0.6462,95943.99,27,7,5,1,0,金融,已婚,博士
USER_00431,29,13091.53,711,0.3349,221149.12,24,10,7,1,1,医疗,单身,硕士
USER_00432,19,18377.32,647,0.4517,737173.92,40,10,0,4,2,其他,已婚,本科
USER_00433,46,96012.1,737,0.4479,3295906.65,46,14,1,1,1,金融,丧偶,硕士
USER_00434,60,14272.51,623,0.3632,823676.2,28,10,2,4,0,教育,已婚,硕士
USER_00435,29,18980.24,680,0.4773,308315.88,33,6,2,2,1,医疗,单身,本科
USER_00436,49,85833.96,781,0.265,4238875.36,39,9,4,0,0,IT,单身,本科
USER_00437,44,36991.27,792,0.4702,1386884.37,47,3,10,1,0,制造业,单身,博士
USER_00438,56,19554.68,710,0.2339,449643.51,16,2,0,0,1,其他,单身,大专
USER_00439,36,18047.88,732,0.2244,467009.32,48,10,1,2,0,制造业,已婚,本科
USER_00440,22,6866.98,803,0.2718,379478.03,13,10,3,0,0,金融,单身,高中及以下
USER_00441,42,19370.85,603,0.2922,599847.06,48,8,1,2,0,金融,单身,高中及以下
USER_00442,18,18680.63,817,0.4269,1022132.07,39,8,0,0,0,房地产,丧偶,高中及以下
USER_00443,52,15855.66,780,0.3828,217778.72,36,4,4,0,0,IT,已婚,硕士
USER_00444,66,5035.04,707,0.3248,99681.87,42,3,1,0,1,制造业,已婚,硕士
USER_00445,30,17978.77,786,0.5256,1003840.82,37,6,5,1,0,房地产,丧偶,大专
USER_00446,29,17253.9,692,0.2537,750244.37,21,8,9,2,1,房地产,已婚,硕士
USER_00447,32,18884.47,705,0.2933,1055650.09,45,2,2,2,1,房地产,单身,博士
USER_00448,53,16028.15,609,0.4932,516529.64,59,12,0,2,2,零售,单身,大专
USER_00449,27,68880.65,662,0.2561,3871787.93,18,10,8,1,1,IT,已婚,硕士
USER_00450,54,12031.94,759,0.2467,302469.27,26,4,3,0,0,房地产,单身,硕士
USER_00451,65,7378.91,841,0.261,396444.88,34,10,5,1,0,IT,丧偶,本科
USER_00452,30,14165.28,748,0.5737,498303.57,55,19,1,2,0,IT,已婚,大专
USER_00453,35,15850.9,710,0.3713,840718.67,25,7,5,1,1,IT,丧偶,本科
USER_00454,58,7138.62,831,0.3161,166593.18,18,5,9,0,0,金融,已婚,本科
USER_00455,57,12839.7,321,0.4288,465639.38,48,12,5,4,3,教育,离婚,大专
USER_00456,33,67588.92,619,0.6872,4035110.4,18,7,4,3,0,教育,单身,硕士
USER_00457,51,53614.69,813,0.6846,3149563.93,16,17,5,0,0,医疗,离婚,高中及以下
USER_00458,42,16596.69,609,0.327,785010.6,51,1,2,1,1,金融,已婚,博士
USER_00459,45,12681.68,727,0.61,478261.29,43,18,9,0,0,IT,丧偶,高中及以下
USER_00460,58,17512.59,747,0.3076,930519.02,17,2,4,2,1,制造业,单身,高中及以下
USER_00461,29,90632.82,747,0.4868,2011178.34,20,5,2,0,1,教育,离婚,博士
USER_00462,57,11876.15,777,0.4383,486954.19,58,7,1,1,0,其他,已婚,大专
USER_00463,64,8191.18,781,0.3104,357406.43,37,6,1,0,0,IT,已婚,硕士
USER_00464,28,6930.01,481,0.565,86406.84,40,2,10,5,3,零售,丧偶,高中及以下
USER_00465,68,17221.52,814,0.4485,746748.38,20,3,6,1,0,房地产,离婚,博士
USER_00466,32,18328.52,609,0.3592,972969.4,27,15,2,4,0,房地产,离婚,大专
USER_00467,42,11903.44,664,0.2419,679118.35,35,19,8,0,0,其他,单身,硕士
USER_00468,63,12080.13,607,0.3507,281925.08,17,4,3,2,0,其他,丧偶,博士
USER_00469,53,26153.01,719,0.417,1092150.74,15,5,2,1,0,金融,离婚,大专
USER_00470,46,12376.05,678,0.3763,287892.07,14,2,1,0,1,教育,单身,大专
USER_00471,22,53186.73,651,0.3224,2812563.95,38,7,7,0,1,制造业,已婚,高中及以下
USER_00472,21,96636.84,750,0.3934,4753249.24,17,6,3,1,0,教育,丧偶,硕士
USER_00473,25,6060.82,842,0.4788,167348.31,24,4,2,1,0,零售,离婚,本科
USER_00474,45,53578.01,775,0.3428,3025611.52,38,5,7,1,0,金融,离婚,大专
USER_00475,60,6731.19,706,0.529,379394.34,25,1,4,2,0,零售,丧偶,高中及以下
USER_00476,45,14732.8,637,0.5424,820321.35,51,18,2,2,1,教育,单身,硕士
USER_00477,24,96817.58,618,0.5296,1494670.94,47,8,9,4,2,房地产,丧偶,博士
USER_00478,39,7949.84,806,0.4688,144480.07,36,14,3,0,0,医疗,单身,高中及以下
USER_00479,54,8359.64,757,0.2453,246200.98,26,11,7,0,0,其他,单身,硕士
USER_00480,29,59393.39,828,0.5134,2520300.75,34,2,4,0,0,医疗,已婚,博士
USER_00481,50,6872.26,728,0.2289,329868.28,14,5,8,0,0,房地产,离婚,博士
USER_00482,22,17211.36,740,0.2582,447548.59,53,20,0,1,1,金融,单身,高中及以下
USER_00483,22,15329.23,802,0.2592,463671.36,17,1,7,0,0,医疗,离婚,大专
USER_00484,56,25818.87,714,0.1043,1218142.33,26,10,1,0,1,零售,单身,大专
USER_00485,58,19161.32,601,0.3181,302995.09,55,9,5,3,1,金融,已婚,本科
USER_00486,35,12637.38,434,0.4524,200501.17,18,8,3,6,3,IT,已婚,硕士
USER_00487,28,14933.99,623,0.1391,410099.79,55,3,7,2,1,教育,已婚,大专
USER_00488,29,17842.87,673,0.5241,505621.8,51,10,5,1,0,医疗,单身,硕士
USER_00489,38,6126.19,643,0.4673,140548.87,32,1,5,3,2,金融,丧偶,博士
USER_00490,38,8400.99,830,0.5368,498220.02,34,9,7,1,0,其他,单身,硕士
USER_00491,31,19546.77,638,0.5204,1157615.46,23,12,3,1,0,制造业,单身,大专
USER_00492,47,51863.75,812,0.4146,759720.67,22,15,4,1,0,医疗,离婚,本科
USER_00493,30,7671.77,822,0.6671,237601.75,52,2,3,0,0,医疗,已婚,硕士
USER_00494,23,11713.89,802,0.6942,379132.71,14,1,2,1,0,医疗,丧偶,大专
USER_00495,49,19467.26,783,0.2751,1060299.05,43,15,4,1,0,医疗,离婚,硕士
USER_00496,43,18497.66,759,0.2969,424801.61,42,1,1,1,0,制造业,丧偶,博士
USER_00497,69,6761.9,613,0.1665,375248.62,14,10,4,5,1,金融,丧偶,本科
USER_00498,26,7643.2,674,0.4799,408861.16,57,4,0,0,1,其他,丧偶,博士
USER_00499,28,16915.5,701,0.6548,982569.48,30,4,1,1,0,金融,丧偶,本科
USER_00500,66,6448.79,658,0.3187,189555.46,31,10,8,1,0,制造业,离婚,大专
USER_00501,33,17461.46,648,0.3919,321114.48,20,9,5,2,1,其他,已婚,硕士
USER_00502,57,19837.51,773,0.4731,662297.61,40,7,9,0,0,医疗,丧偶,博士
USER_00503,41,64813.33,768,0.6064,3339623.2,15,12,5,1,0,教育,单身,本科
USER_00504,23,17479.57,656,0.5752,749703.13,17,15,4,2,0,制造业,离婚,博士
USER_00505,55,60472.92,609,0.589,778833.7,44,6,5,1,2,制造业,单身,高中及以下
USER_00506,51,10447.22,730,0.3401,421412.93,19,2,1,2,0,金融,离婚,高中及以下
USER_00507,21,48831.64,710,0.3187,1474636.54,48,13,2,2,0,制造业,单身,本科
USER_00508,58,8470.84,658,0.4801,171876.84,54,18,1,0,0,房地产,单身,高中及以下
USER_00509,50,78538.42,819,0.5166,2492364.31,47,3,3,0,0,金融,单身,博士
USER_00510,19,74089.16,674,0.3257,1791246.78,36,16,10,3,1,IT,离婚,高中及以下
USER_00511,33,12073.47,840,0.4801,598233.97,26,7,2,1,0,IT,离婚,硕士
USER_00512,57,13048.47,843,0.3389,393724.4,40,5,7,0,0,IT,离婚,本科
USER_00513,26,15461.57,609,0.4139,909197.13,42,8,2,3,1,零售,单身,本科
USER_00514,62,7277.72,628,0.4289,151795.76,53,7,3,1,1,教育,离婚,大专
USER_00515,33,13041.52,688,0.6868,324587.4,40,12,2,1,1,其他,离婚,高中及以下
USER_00516,52,16827.63,779,0.1093,207559.55,16,1,4,0,0,房地产,单身,高中及以下
USER_00517,20,59157.08,641,0.6575,3122138.22,42,7,7,3,0,教育,单身,博士
USER_00518,56,12727.66,694,0.3567,378787.21,32,5,3,3,0,IT,单身,大专
USER_00519,49,11438.56,724,0.6298,413261.8,23,4,4,2,0,教育,已婚,本科
USER_00520,56,9519.78,764,0.2782,336575.65,27,17,4,0,0,教育,已婚,大专
USER_00521,56,18720.32,769,0.523,319924.2,39,3,3,1,0,制造业,单身,博士
USER_00522,45,75517.12,720,0.2081,3255499.33,46,2,3,2,0,制造业,已婚,大专
USER_00523,68,7466.25,678,0.2874,445970.85,27,19,4,3,0,医疗,单身,大专
USER_00524,24,44855.93,659,0.2601,2659082.49,37,6,3,0,0,房地产,离婚,大专
USER_00525,66,18351.86,757,0.5411,292896.82,26,1,8,0,0,IT,已婚,博士
USER_00526,46,59571.83,779,0.3273,2980728.96,36,8,2,0,0,零售,单身,大专
USER_00527,66,63580.14,840,0.2899,1773326.41,60,19,7,1,0,医疗,单身,本科
USER_00528,64,19327.55,699,0.3601,782552.37,18,10,4,0,0,金融,离婚,高中及以下
USER_00529,33,13594.63,631,0.3778,686561.88,20,7,8,2,0,房地产,已婚,博士
USER_00530,59,36326.73,686,0.4279,1718714.24,51,12,1,1,0,零售,丧偶,硕士
USER_00531,29,91575.93,631,0.3519,2108796.93,59,8,1,2,0,医疗,离婚,博士
USER_00532,28,11552.73,838,0.6347,685380.5,53,9,9,0,0,金融,离婚,博士
USER_00533,25,18172.25,616,0.5998,534798.75,48,2,2,4,2,零售,单身,硕士
USER_00534,53,17214.48,815,0.5766,441274.77,38,8,6,0,0,IT,离婚,硕士
USER_00535,36,11639.93,742,0.1149,147957.6,51,9,5,1,0,零售,单身,硕士
USER_00536,36,13533.08,695,0.568,205650.33,47,10,5,0,0,IT,已婚,大专
USER_00537,33,18262.04,811,0.5956,966447.16,24,15,10,0,0,房地产,离婚,硕士
USER_00538,18,9299.84,721,0.4133,171947.13,55,7,5,0,1,其他,单身,本科
USER_00539,44,49710.62,754,0.3059,846851.43,31,20,4,0,0,零售,已婚,大专
USER_00540,31,5416.32,746,0.6501,272753.37,12,10,10,1,0,医疗,离婚,高中及以下
USER_00541,60,17407.59,415,0.6342,335997.81,56,9,5,6,3,其他,丧偶,本科
USER_00542,58,16209.42,513,0.6585,806265.1,41,2,5,10,2,金融,单身,硕士
USER_00543,38,13577.46,627,0.3435,558814.35,30,10,9,1,0,IT,离婚,硕士
USER_00544,28,5673.39,617,0.5201,241363.47,50,5,2,3,0,医疗,丧偶,硕士
USER_00545,60,6160.14,629,0.4124,302922.44,15,4,2,5,2,制造业,单身,本科
USER_00546,51,8905.21,734,0.2813,495889.15,18,6,5,2,1,金融,离婚,高中及以下
USER_00547,40,17586.84,633,0.3697,988754.52,50,8,3,2,1,金融,已婚,博士
USER_00548,53,19720.04,609,0.451,279511.5,45,4,5,5,0,房地产,离婚,本科
USER_00549,66,5662.43,614,0.6063,198129.07,36,8,10,5,0,房地产,已婚,本科
USER_00550,31,17662.35,605,0.6129,740506.0,37,6,2,4,2,制造业,丧偶,本科
USER_00551,65,15209.92,721,0.3373,390697.29,23,14,5,2,1,房地产,丧偶,高中及以下
USER_00552,18,14593.26,607,0.3612,608996.2,39,3,5,2,2,金融,离婚,硕士
USER_00553,54,10398.1,683,0.5924,488934.81,40,4,5,1,0,IT,单身,高中及以下
USER_00554,44,15585.64,649,0.2383,430020.42,20,10,0,1,1,金融,丧偶,大专
USER_00555,19,12101.78,624,0.3008,331198.67,13,3,10,4,1,制造业,离婚,高中及以下
USER_00556,35,6665.51,607,0.319,377895.45,28,20,2,1,1,金融,已婚,本科
USER_00557,42,7593.33,797,0.6696,387620.79,22,2,4,1,0,其他,丧偶,大专
USER_00558,26,76626.02,684,0.1914,2165384.66,45,3,7,0,0,教育,离婚,本科
USER_00559,70,7150.94,679,0.2666,264158.44,52,3,7,1,0,金融,丧偶,本科
USER_00560,37,12696.59,715,0.6497,396322.57,14,10,2,2,1,房地产,离婚,硕士
USER_00561,58,16034.75,404,0.2021,902930.53,22,16,6,8,2,金融,已婚,本科
USER_00562,60,14852.78,787,0.226,487249.03,52,12,3,1,0,教育,离婚,硕士
USER_00563,46,13079.86,833,0.3031,645446.01,50,14,1,0,0,房地产,已婚,大专
USER_00564,18,14470.76,481,0.256,781769.48,52,20,1,3,2,金融,丧偶,大专
USER_00565,31,6209.34,673,0.2091,310178.0,41,10,1,2,1,房地产,单身,博士
USER_00566,24,17022.3,795,0.3597,423953.02,40,16,5,0,0,房地产,离婚,硕士
USER_00567,64,8258.69,616,0.2749,112917.83,47,1,3,5,2,零售,单身,大专
USER_00568,54,8660.85,826,0.5254,148439.07,49,17,0,0,0,教育,离婚,本科
USER_00569,55,10682.73,517,0.5903,208620.93,23,10,2,5,1,零售,离婚,大专
USER_00570,50,69481.92,720,0.568,3913294.14,59,3,3,0,1,教育,已婚,硕士
USER_00571,48,38636.62,850,0.4605,1661841.58,27,10,5,1,0,教育,单身,博士
USER_00572,59,5582.97,837,0.4717,278902.36,59,3,1,0,0,零售,离婚,大专
USER_00573,36,15089.67,806,0.1093,319673.09,19,2,0,0,0,IT,单身,大专
USER_00574,20,17908.7,760,0.6564,707748.01,32,6,3,0,0,医疗,丧偶,大专
USER_00575,43,19265.06,580,0.3709,787809.13,43,8,1,4,1,其他,已婚,博士
USER_00576,20,31340.89,604,0.1198,521322.36,58,5,0,1,2,其他,离婚,博士
USER_00577,47,15220.22,847,0.528,771173.64,48,13,7,0,0,制造业,已婚,高中及以下
USER_00578,27,12558.55,827,0.6602,443685.66,57,15,9,0,0,IT,单身,高中及以下
USER_00579,57,12419.95,842,0.2774,547093.78,24,8,2,0,0,医疗,离婚,高中及以下
USER_00580,30,8948.13,636,0.5885,200483.17,21,17,2,3,1,房地产,单身,硕士
USER_00581,54,16032.0,818,0.4705,808340.03,18,10,1,1,0,制造业,离婚,本科
USER_00582,24,74514.06,715,0.4283,3206639.37,44,4,4,2,0,制造业,丧偶,硕士
USER_00583,26,17262.56,755,0.6528,296946.97,47,5,2,1,0,制造业,已婚,硕士
USER_00584,27,19332.45,672,0.3474,965031.68,18,2,5,0,1,零售,丧偶,硕士
USER_00585,22,14785.43,761,0.28,420400.2,47,4,5,1,0,金融,单身,大专
USER_00586,65,9267.91,646,0.2744,139209.75,15,19,8,4,2,教育,单身,大专
USER_00587,46,10102.54,703,0.4538,561393.99,53,12,4,2,1,医疗,单身,博士
USER_00588,18,14024.18,721,0.357,829074.85,52,2,4,2,1,零售,丧偶,博士
USER_00589,34,13098.47,803,0.2786,670165.31,44,10,3,0,0,医疗,丧偶,大专
USER_00590,50,11489.11,740,0.3048,152130.04,51,9,4,0,1,医疗,已婚,博士
USER_00591,21,17567.99,835,0.6875,859945.08,51,2,5,0,0,教育,丧偶,本科
USER_00592,35,10514.11,802,0.6484,579910.48,60,12,4,0,0,制造业,单身,大专
USER_00593,49,18912.23,625,0.2945,292978.11,25,1,4,1,0,医疗,丧偶,高中及以下
USER_00594,18,13011.98,677,0.561,323241.9,50,11,2,1,1,教育,已婚,硕士
USER_00595,31,29440.58,654,0.4526,1555796.09,25,14,5,0,1,零售,单身,硕士
USER_00596,24,12940.12,698,0.4138,286432.81,60,3,10,0,1,制造业,单身,大专
USER_00597,58,17056.97,687,0.3651,942924.35,59,9,3,2,0,金融,已婚,博士
USER_00598,51,5639.85,712,0.456,122391.42,13,3,2,2,0,IT,丧偶,大专
USER_00599,64,17257.22,653,0.5825,977903.9,37,4,4,0,1,金融,单身,博士
USER_00600,49,9000.84,819,0.3984,159779.11,24,14,8,1,0,金融,单身,本科
USER_00601,62,10037.9,831,0.5742,599498.32,40,11,4,0,0,制造业,已婚,高中及以下
USER_00602,50,15889.74,694,0.2219,352945.82,53,4,4,0,0,零售,丧偶,大专
USER_00603,63,14726.43,606,0.4716,232637.28,35,9,6,1,0,其他,离婚,本科
USER_00604,55,99506.85,705,0.4928,3856751.09,16,9,4,0,0,IT,丧偶,大专
USER_00605,52,71578.81,664,0.5904,2058621.39,37,9,5,3,1,金融,离婚,博士
USER_00606,31,59447.65,823,0.451,1656906.03,36,8,1,0,0,其他,丧偶,大专
USER_00607,18,8634.68,772,0.3676,468130.02,50,2,10,0,0,医疗,丧偶,大专
USER_00608,35,40464.18,613,0.1786,560607.51,41,10,5,3,2,金融,单身,高中及以下
USER_00609,61,9551.18,612,0.3821,393789.83,52,1,5,5,1,医疗,已婚,本科
USER_00610,68,9584.36,791,0.3732,338056.1,32,7,7,0,0,其他,已婚,硕士
USER_00611,36,6304.68,736,0.4574,212829.62,33,8,10,1,0,医疗,离婚,本科
USER_00612,46,6686.81,640,0.6991,199885.19,45,7,1,1,1,医疗,已婚,高中及以下
USER_00613,59,30534.02,714,0.287,1255641.64,42,5,1,2,0,其他,丧偶,高中及以下
USER_00614,52,14235.01,627,0.4668,477166.1,14,5,1,3,0,其他,丧偶,博士
USER_00615,44,18088.61,538,0.6482,747157.83,39,7,6,3,1,零售,丧偶,硕士
USER_00616,67,37997.56,659,0.2193,1332820.11,45,6,3,0,0,教育,丧偶,硕士
USER_00617,29,10735.48,784,0.5091,169794.28,26,2,5,0,0,零售,离婚,高中及以下
USER_00618,57,17159.61,612,0.4316,259084.71,24,17,0,3,1,金融,丧偶,博士
USER_00619,34,89078.83,605,0.1723,3762584.59,47,12,1,5,1,房地产,单身,硕士
USER_00620,25,11186.36,679,0.3861,457676.16,47,19,3,0,0,金融,离婚,高中及以下
USER_00621,45,14016.61,779,0.5392,555748.85,49,18,9,1,0,零售,已婚,博士
USER_00622,68,8824.22,632,0.5947,218829.88,50,5,2,2,1,医疗,丧偶,大专
USER_00623,51,5670.1,664,0.4674,88270.02,33,8,1,0,0,IT,丧偶,本科
USER_00624,67,5424.02,780,0.2985,112844.86,29,5,2,0,0,零售,单身,硕士
USER_00625,65,9128.73,746,0.3249,509841.35,39,2,7,1,1,零售,离婚,高中及以下
USER_00626,41,19978.79,458,0.3869,260180.94,32,5,4,4,3,零售,离婚,大专
USER_00627,27,11508.93,695,0.263,172365.98,37,5,10,1,0,零售,离婚,高中及以下
USER_00628,70,13271.86,759,0.5614,433413.3,18,1,10,1,0,IT,丧偶,本科
USER_00629,35,86831.23,330,0.4738,4026440.87,14,8,3,8,1,IT,丧偶,高中及以下
USER_00630,49,33281.44,686,0.395,804528.51,53,5,10,3,1,金融,单身,博士
USER_00631,55,42533.18,757,0.4721,2352116.89,40,0,2,0,0,零售,离婚,博士
USER_00632,33,32227.01,600,0.5908,557050.62,39,4,4,1,1,教育,丧偶,大专
USER_00633,48,16978.28,501,0.3215,832577.05,26,15,0,3,2,金融,离婚,大专
USER_00634,25,19184.94,788,0.422,365541.39,24,1,5,1,0,金融,离婚,博士
USER_00635,49,10408.88,753,0.232,561108.77,59,7,7,1,0,教育,单身,硕士
USER_00636,37,15147.91,604,0.5362,424991.56,36,7,2,5,0,其他,丧偶,大专
USER_00637,36,16872.42,615,0.5053,732709.7,60,3,7,2,0,IT,单身,高中及以下
USER_00638,36,16686.51,606,0.4316,884360.44,14,9,4,3,2,其他,单身,高中及以下
USER_00639,27,7201.51,807,0.291,430863.69,37,8,6,0,0,医疗,丧偶,博士
USER_00640,37,7877.46,625,0.4534,153627.79,44,1,1,2,1,房地产,单身,本科
USER_00641,55,16911.23,713,0.3821,942252.89,56,7,3,0,0,其他,已婚,博士
USER_00642,69,8688.29,810,0.3081,438818.24,19,3,3,1,0,教育,离婚,本科
USER_00643,19,19233.28,712,0.22,632526.62,59,7,5,0,1,零售,丧偶,本科
USER_00644,41,8493.97,788,0.5339,226561.3,24,4,4,0,0,房地产,离婚,大专
USER_00645,30,19093.88,744,0.6105,314353.52,23,3,1,2,0,IT,单身,高中及以下
USER_00646,21,12722.44,736,0.3322,183858.79,25,17,3,0,0,房地产,已婚,高中及以下
USER_00647,28,19213.42,622,0.2118,871905.21,30,16,0,1,2,其他,单身,高中及以下
USER_00648,51,38832.57,665,0.6859,1478840.31,38,4,7,1,1,金融,单身,博士
USER_00649,18,19763.7,711,0.3714,653963.47,20,10,4,0,0,教育,丧偶,博士
USER_00650,32,16303.48,611,0.2925,977423.97,29,5,1,1,1,制造业,单身,硕士
USER_00651,60,12949.34,703,0.238,344553.99,46,12,1,1,1,医疗,丧偶,高中及以下
USER_00652,66,14558.89,820,0.3247,689531.64,20,4,5,0,0,金融,离婚,硕士
USER_00653,39,10365.01,768,0.2865,261458.71,51,18,2,1,0,IT,离婚,大专
USER_00654,21,71222.48,783,0.2951,2371910.17,49,4,10,0,0,教育,丧偶,硕士
USER_00655,28,24524.05,730,0.3519,1234437.1,17,9,5,2,0,金融,单身,博士
USER_00656,62,14712.57,827,0.2078,265005.59,30,2,5,0,0,其他,离婚,硕士
USER_00657,51,5609.09,696,0.2571,69037.02,32,12,7,2,1,房地产,单身,大专
USER_00658,20,6673.59,677,0.5515,265884.61,52,9,5,3,1,其他,离婚,大专
USER_00659,45,18958.33,690,0.3562,848295.45,39,9,3,3,0,IT,已婚,高中及以下
USER_00660,32,12558.64,676,0.6064,503441.62,20,12,5,3,1,其他,丧偶,本科
USER_00661,31,9217.41,696,0.3456,437659.42,23,5,0,0,1,金融,单身,本科
USER_00662,44,14878.36,660,0.4361,460111.99,43,7,0,2,1,其他,丧偶,大专
USER_00663,44,63804.62,713,0.376,1114783.84,38,18,6,2,1,零售,离婚,高中及以下
USER_00664,18,15610.58,788,0.3471,346954.41,40,1,4,1,0,金融,丧偶,本科
USER_00665,61,12369.4,651,0.5061,364556.3,56,1,2,2,1,房地产,离婚,高中及以下
USER_00666,68,10486.18,805,0.2428,442155.53,32,10,5,1,0,房地产,单身,博士
USER_00667,57,9859.93,688,0.3013,129951.81,43,5,2,2,1,医疗,已婚,高中及以下
USER_00668,28,16919.26,798,0.586,746217.4,35,5,7,0,0,制造业,已婚,博士
USER_00669,56,7390.65,791,0.371,373131.56,49,10,3,0,0,金融,已婚,大专
USER_00670,39,13045.68,754,0.3152,743067.39,60,7,7,0,0,其他,离婚,博士
USER_00671,39,5685.2,745,0.4669,91830.78,49,1,4,1,1,房地产,已婚,本科
USER_00672,28,5300.16,676,0.5505,208953.64,25,5,2,1,0,IT,离婚,博士
USER_00673,46,18362.89,630,0.5932,715435.38,51,5,7,1,0,IT,丧偶,大专
USER_00674,24,10872.32,614,0.5434,254570.18,43,10,2,1,0,教育,离婚,大专
USER_00675,19,17842.53,822,0.3687,224871.48,27,20,3,1,0,金融,已婚,本科
USER_00676,24,7589.98,707,0.3085,226246.13,19,9,5,0,0,其他,丧偶,硕士
USER_00677,63,5147.55,835,0.5077,105518.72,22,2,8,0,0,房地产,单身,硕士
USER_00678,58,7180.77,759,0.2034,167368.08,29,8,7,0,0,房地产,丧偶,高中及以下
USER_00679,48,14735.75,639,0.3987,869037.29,29,10,5,5,1,房地产,已婚,本科
USER_00680,28,5858.72,811,0.4052,324847.73,53,5,3,1,0,零售,已婚,硕士
USER_00681,23,7034.14,685,0.324,152922.43,26,16,5,3,1,IT,丧偶,高中及以下
USER_00682,30,12027.67,784,0.2252,486134.78,41,1,2,1,0,金融,已婚,大专
USER_00683,32,7052.16,833,0.6615,111086.38,51,5,3,0,0,医疗,单身,大专
USER_00684,37,6650.92,643,0.4789,114412.89,20,4,1,2,2,房地产,离婚,大专
USER_00685,34,8768.6,735,0.5246,505389.43,16,10,7,1,1,IT,丧偶,大专
USER_00686,62,19142.01,738,0.3247,262953.47,51,5,5,1,1,医疗,离婚,本科
USER_00687,51,13066.13,760,0.2016,514773.43,32,2,2,0,0,制造业,单身,硕士
USER_00688,69,11546.15,772,0.6837,441902.41,17,17,6,0,0,IT,已婚,高中及以下
USER_00689,56,8580.4,635,0.4921,453483.04,51,8,2,1,2,金融,离婚,博士
USER_00690,63,13486.96,662,0.5573,699769.99,42,14,3,3,0,房地产,丧偶,博士
USER_00691,51,7491.94,654,0.5199,248234.84,35,2,2,3,1,其他,离婚,本科
USER_00692,46,13211.54,633,0.4935,626514.34,33,20,2,2,1,医疗,已婚,博士
USER_00693,30,5876.43,750,0.2096,93799.15,41,4,1,0,0,教育,已婚,大专
USER_00694,57,63708.44,688,0.4137,3113288.38,27,20,4,0,1,制造业,丧偶,博士
USER_00695,24,12786.27,684,0.2545,337209.15,21,14,5,3,0,教育,离婚,大专
USER_00696,64,13683.04,708,0.4645,277758.83,53,3,0,2,1,医疗,丧偶,硕士
USER_00697,28,15656.06,775,0.3573,631198.78,60,17,9,0,0,IT,单身,大专
USER_00698,63,20816.4,648,0.3701,268432.52,59,6,6,2,1,金融,已婚,本科
USER_00699,37,8513.05,790,0.2428,295459.86,27,17,7,0,0,教育,已婚,硕士
USER_00700,47,19441.72,754,0.5081,710251.48,55,3,3,0,0,医疗,丧偶,大专
USER_00701,46,43231.29,766,0.3006,1987756.99,29,18,1,1,0,房地产,丧偶,大专
USER_00702,54,15514.33,767,0.4047,486193.58,34,7,8,0,0,零售,离婚,本科
USER_00703,66,18781.63,755,0.3502,300567.77,37,2,5,1,0,制造业,离婚,博士
USER_00704,53,16644.35,651,0.6839,231498.35,23,13,2,1,1,教育,已婚,大专
USER_00705,39,18638.64,602,0.596,889347.64,35,2,7,4,0,其他,离婚,博士
USER_00706,56,19763.05,658,0.2973,1047768.57,28,7,5,2,1,教育,离婚,高中及以下
USER_00707,30,10350.66,614,0.5594,189499.65,51,10,1,1,0,IT,离婚,大专
USER_00708,33,10092.72,750,0.3174,276689.09,24,9,5,1,0,房地产,离婚,大专
USER_00709,53,11653.53,792,0.2218,335046.53,58,9,10,1,0,零售,丧偶,硕士
USER_00710,36,98212.52,682,0.2056,3574924.29,50,6,2,1,1,其他,丧偶,硕士
USER_00711,31,48615.94,806,0.2313,954867.02,50,18,4,0,0,金融,丧偶,博士
USER_00712,43,15495.02,609,0.3048,429770.36,21,19,0,4,1,金融,离婚,本科
USER_00713,58,14336.17,718,0.6185,461529.43,32,9,5,1,0,零售,已婚,博士
USER_00714,53,17373.05,844,0.5822,484443.22,27,6,5,0,0,房地产,丧偶,本科
USER_00715,39,71342.61,743,0.4666,2481857.41,13,0,1,1,1,零售,离婚,大专
USER_00716,60,92615.81,702,0.3891,4676475.9,58,1,6,0,1,医疗,离婚,高中及以下
USER_00717,41,18953.96,651,0.2668,404368.33,25,8,3,2,0,零售,离婚,高中及以下
USER_00718,66,12790.18,648,0.2153,545998.35,45,7,8,1,2,制造业,单身,本科
USER_00719,31,14846.63,793,0.1504,408028.33,38,5,5,1,0,零售,已婚,本科
USER_00720,68,12127.36,620,0.1894,294330.33,41,8,1,4,2,教育,已婚,本科
USER_00721,38,97763.9,825,0.4677,2782634.2,56,6,5,1,0,金融,单身,本科
USER_00722,51,19521.24,813,0.5131,461878.06,25,5,1,0,0,其他,单身,博士
USER_00723,48,11978.64,622,0.4093,247977.35,56,2,0,3,2,IT,已婚,本科
USER_00724,34,5609.52,658,0.3824,91576.65,49,3,2,2,1,零售,单身,大专
USER_00725,39,76662.76,730,0.2472,1080485.56,51,18,2,1,0,IT,离婚,大专
USER_00726,29,14589.32,822,0.3786,409287.41,35,14,5,1,0,金融,已婚,大专
USER_00727,64,17448.75,691,0.2932,731400.78,44,13,7,0,1,制造业,单身,高中及以下
USER_00728,25,11053.97,418,0.6784,581340.57,32,1,6,9,2,零售,单身,本科
USER_00729,53,6737.99,600,0.4461,324255.3,23,6,3,2,2,制造业,单身,高中及以下
USER_00730,69,12818.7,753,0.6467,525090.28,59,19,5,0,0,医疗,单身,本科
USER_00731,37,16606.28,737,0.2541,309147.47,25,8,2,0,0,零售,单身,高中及以下
USER_00732,60,7496.04,738,0.2909,399317.61,33,18,8,1,1,医疗,丧偶,硕士
USER_00733,68,70104.52,612,0.5004,3347651.57,54,3,6,4,0,制造业,丧偶,博士
USER_00734,69,13768.93,748,0.151,535993.23,17,4,2,1,0,IT,单身,硕士
USER_00735,35,10310.81,759,0.5762,404066.38,58,7,3,0,0,房地产,单身,博士
USER_00736,65,47837.24,807,0.1424,2501872.21,38,10,5,1,0,金融,单身,大专
USER_00737,36,5578.43,842,0.1495,174344.26,30,13,0,0,0,其他,丧偶,高中及以下
USER_00738,31,16964.99,727,0.3007,380886.75,33,9,1,1,0,制造业,丧偶,博士
USER_00739,39,9602.13,648,0.3399,479869.75,54,4,5,4,0,零售,离婚,高中及以下
USER_00740,65,15110.44,727,0.5196,273917.79,44,5,7,2,1,房地产,离婚,硕士
USER_00741,54,5444.05,614,0.4507,158956.24,50,5,5,1,1,金融,已婚,本科
USER_00742,19,14436.63,688,0.4156,542095.54,28,19,4,2,1,制造业,丧偶,硕士
USER_00743,35,15956.01,814,0.3066,424323.81,14,3,8,0,0,教育,已婚,博士
USER_00744,41,17372.57,614,0.312,950628.78,48,3,5,3,2,制造业,单身,硕士
USER_00745,37,7453.08,833,0.2159,387703.51,20,16,5,1,0,房地产,单身,本科
USER_00746,47,19134.54,826,0.2004,507578.48,43,20,7,0,0,教育,单身,大专
USER_00747,21,10780.36,817,0.6364,624365.61,28,1,4,1,0,金融,离婚,博士
USER_00748,24,11694.84,624,0.2778,504927.35,19,10,2,1,2,教育,丧偶,博士
USER_00749,27,18670.74,644,0.3482,380147.29,44,3,6,5,0,医疗,离婚,高中及以下
USER_00750,43,9700.14,648,0.3544,178453.14,48,9,2,1,1,IT,离婚,大专
USER_00751,41,18683.46,696,0.3204,946617.32,21,10,3,0,1,零售,丧偶,博士
USER_00752,35,17716.67,600,0.6161,880335.01,15,8,1,5,2,医疗,已婚,高中及以下
USER_00753,57,57644.53,741,0.1728,1832334.03,41,9,2,0,0,IT,单身,本科
USER_00754,59,9660.39,724,0.2515,407631.92,55,6,6,0,1,房地产,单身,博士
USER_00755,40,7287.91,718,0.313,418011.55,25,5,2,0,0,房地产,单身,硕士
USER_00756,65,19252.58,662,0.6205,535105.52,55,1,3,0,1,其他,离婚,硕士
USER_00757,55,50086.77,640,0.3132,1488629.11,43,10,2,2,1,金融,丧偶,高中及以下
USER_00758,31,14017.47,616,0.3826,747772.83,42,10,1,2,0,房地产,单身,硕士
USER_00759,40,7051.84,794,0.2644,171546.29,28,20,3,1,0,IT,离婚,大专
USER_00760,35,15655.94,667,0.5521,579712.92,52,7,1,0,1,零售,单身,高中及以下
USER_00761,58,8547.94,804,0.1143,449383.48,32,7,2,0,0,金融,单身,本科
USER_00762,58,15332.79,831,0.3143,604489.81,12,2,3,1,0,IT,单身,硕士
USER_00763,48,17391.0,750,0.4601,625641.06,31,4,8,0,0,制造业,已婚,大专
USER_00764,70,19809.36,826,0.4162,748355.84,41,11,4,0,0,教育,丧偶,高中及以下
USER_00765,52,10728.76,655,0.4838,352691.66,36,17,7,1,1,IT,已婚,硕士
USER_00766,67,13635.28,714,0.1155,238644.37,54,8,4,2,1,房地产,已婚,本科
USER_00767,35,14684.79,708,0.3564,576744.05,52,2,1,2,0,医疗,单身,本科
USER_00768,40,12493.04,741,0.239,687663.03,15,7,1,2,1,IT,已婚,高中及以下
USER_00769,28,11666.69,758,0.5071,536495.05,50,7,7,1,0,房地产,丧偶,本科
USER_00770,21,5741.32,723,0.1801,84830.99,51,4,5,2,1,金融,单身,大专
USER_00771,46,12813.22,732,0.3647,663943.77,33,4,5,0,1,房地产,离婚,本科
USER_00772,65,11004.95,808,0.3024,583683.26,18,5,1,1,0,房地产,已婚,硕士
USER_00773,42,11520.33,726,0.2512,307973.26,21,5,3,2,0,金融,已婚,本科
USER_00774,57,24851.44,772,0.2439,1386881.93,59,8,3,0,0,房地产,离婚,高中及以下
USER_00775,70,16212.33,450,0.406,206823.44,47,15,1,6,1,IT,单身,硕士
USER_00776,45,11104.47,844,0.5536,204587.03,36,9,5,0,0,其他,丧偶,硕士
USER_00777,50,8633.68,711,0.2664,463667.56,42,13,1,2,1,零售,已婚,博士
USER_00778,45,5367.09,660,0.2373,133227.9,30,13,7,2,1,教育,离婚,大专
USER_00779,21,5974.07,768,0.5995,208254.48,23,9,1,0,0,IT,丧偶,高中及以下
USER_00780,57,6348.31,669,0.459,132421.67,35,20,5,3,0,金融,丧偶,高中及以下
USER_00781,58,15243.78,671,0.3684,600550.74,24,3,4,3,1,零售,离婚,大专
USER_00782,47,17684.82,620,0.6746,801306.95,34,9,9,5,2,IT,已婚,硕士
USER_00783,45,12204.05,839,0.2266,590049.57,44,7,4,1,0,金融,单身,本科
USER_00784,28,10019.96,772,0.4163,341388.16,54,15,2,1,0,教育,丧偶,大专
USER_00785,70,70419.74,604,0.4496,1614236.86,58,10,2,5,0,房地产,离婚,大专
USER_00786,25,7206.82,707,0.5866,167710.71,42,6,5,2,1,教育,已婚,硕士
USER_00787,23,99939.96,633,0.5943,1316987.93,44,7,5,4,1,制造业,离婚,大专
USER_00788,30,15325.6,604,0.2211,577322.01,60,4,5,3,1,教育,单身,本科
USER_00789,59,6044.25,752,0.2486,307366.38,42,7,5,0,0,其他,离婚,博士
USER_00790,30,15176.02,823,0.5292,484918.51,39,7,4,0,0,IT,离婚,博士
USER_00791,54,9303.69,779,0.5319,119915.67,23,1,4,0,0,金融,已婚,高中及以下
USER_00792,34,7805.65,567,0.2666,453095.48,27,4,7,6,1,教育,丧偶,大专
USER_00793,59,41527.55,696,0.3779,2215111.48,41,4,5,1,0,金融,丧偶,博士
USER_00794,63,8399.08,631,0.6313,267263.53,49,5,6,5,1,IT,单身,本科
USER_00795,52,14168.53,659,0.2032,663517.81,53,9,2,3,1,IT,已婚,硕士
USER_00796,67,11347.74,793,0.3923,213682.43,21,1,6,1,0,医疗,单身,大专
USER_00797,66,13858.28,834,0.6783,354079.56,50,1,5,0,0,金融,单身,大专
USER_00798,69,13251.13,526,0.2918,334822.44,56,1,5,4,3,房地产,离婚,博士
USER_00799,19,17423.72,747,0.2442,798265.12,53,4,10,1,1,教育,丧偶,高中及以下
USER_00800,47,23604.13,733,0.4891,413412.27,20,6,10,2,1,制造业,单身,高中及以下
USER_00801,61,12688.59,781,0.2091,566706.27,24,9,5,1,0,IT,丧偶,本科
USER_00802,56,16924.52,743,0.405,313428.01,24,5,3,1,1,金融,单身,大专
USER_00803,61,14814.75,601,0.2121,260346.55,37,6,3,2,2,教育,单身,高中及以下
USER_00804,55,27814.27,706,0.4959,764245.57,50,10,5,1,1,医疗,已婚,硕士
USER_00805,52,73152.93,663,0.2887,3115224.84,55,1,2,0,1,其他,丧偶,博士
USER_00806,18,93501.87,843,0.3649,2877018.68,48,3,10,0,0,房地产,丧偶,本科
USER_00807,50,11474.23,703,0.4006,149805.59,41,9,4,2,1,医疗,丧偶,硕士
USER_00808,37,18838.39,622,0.3379,1084575.1,49,3,4,3,1,教育,单身,本科
USER_00809,36,9523.85,743,0.5187,378384.3,39,10,1,1,1,其他,单身,大专
USER_00810,40,32087.91,633,0.4982,892256.58,56,6,8,5,1,房地产,单身,硕士
USER_00811,45,17854.39,612,0.4509,987415.52,46,1,4,3,0,IT,离婚,大专
USER_00812,67,17152.23,818,0.2588,377381.12,28,10,9,1,0,医疗,已婚,大专
USER_00813,66,18790.85,704,0.5738,544354.84,20,8,1,2,0,医疗,丧偶,高中及以下
USER_00814,70,11335.55,701,0.4964,229544.06,13,1,9,2,0,IT,离婚,本科
USER_00815,70,14216.24,337,0.4096,399649.12,23,17,5,3,3,制造业,丧偶,高中及以下
USER_00816,31,10026.01,773,0.6736,323328.43,38,13,2,0,0,房地产,已婚,高中及以下
USER_00817,65,80381.38,718,0.3375,1414103.57,13,3,1,1,0,医疗,丧偶,大专
USER_00818,63,7496.8,696,0.2603,219903.43,34,10,1,0,1,医疗,单身,硕士
USER_00819,45,11286.56,654,0.1898,631138.76,53,2,2,1,1,制造业,丧偶,硕士
USER_00820,50,8924.03,740,0.4428,202239.18,13,20,3,1,0,金融,单身,大专
USER_00821,68,96716.49,786,0.458,4054424.83,22,5,4,0,0,医疗,离婚,本科
USER_00822,31,16867.59,704,0.1564,670952.49,20,2,5,1,0,医疗,已婚,硕士
USER_00823,37,14974.55,613,0.2663,669136.36,35,16,3,2,1,教育,离婚,大专
USER_00824,49,17828.39,396,0.6413,1024329.77,43,10,1,9,1,医疗,离婚,本科
USER_00825,65,12965.89,656,0.416,517653.37,20,2,8,2,1,IT,已婚,大专
USER_00826,48,16847.7,698,0.4714,479731.77,27,16,4,2,1,其他,已婚,高中及以下
USER_00827,43,10762.4,489,0.3971,290661.16,44,13,3,5,1,医疗,单身,博士
USER_00828,51,9684.39,605,0.5203,132855.65,40,5,2,5,2,房地产,丧偶,硕士
USER_00829,18,10457.88,724,0.3517,378774.21,43,13,3,0,0,其他,离婚,大专
USER_00830,53,10177.43,649,0.485,452124.05,40,12,4,3,1,教育,已婚,硕士
USER_00831,48,14676.98,688,0.6934,204516.43,59,7,4,3,0,金融,已婚,硕士
USER_00832,27,8628.5,757,0.1302,203083.57,24,4,9,0,0,教育,丧偶,本科
USER_00833,48,84231.74,649,0.2142,4756561.11,58,4,5,4,2,IT,丧偶,博士
USER_00834,46,16093.9,763,0.2737,484853.24,38,13,1,0,0,制造业,丧偶,博士
USER_00835,18,12216.92,710,0.6346,370100.55,20,0,1,0,0,房地产,单身,本科
USER_00836,38,20866.44,634,0.2719,743886.36,45,3,9,2,2,金融,已婚,本科
USER_00837,37,85577.2,693,0.2732,4124853.45,16,9,5,1,1,金融,离婚,硕士
USER_00838,49,49090.95,841,0.6537,2595740.95,37,5,4,1,0,其他,单身,大专
USER_00839,45,15721.95,653,0.3862,494643.39,29,6,0,3,1,房地产,已婚,大专
USER_00840,28,7420.73,632,0.5204,107541.85,21,7,5,2,2,房地产,已婚,大专
USER_00841,56,7912.73,618,0.3411,113408.1,34,3,5,4,0,零售,离婚,硕士
USER_00842,51,84579.7,743,0.6534,2636513.58,49,7,6,1,0,金融,丧偶,高中及以下
USER_00843,64,7312.53,827,0.2123,218839.15,38,7,3,0,0,房地产,离婚,硕士
USER_00844,24,8010.67,792,0.5266,424474.59,36,9,1,1,0,金融,丧偶,本科
USER_00845,64,64701.46,711,0.4673,1174202.0,13,8,4,2,0,制造业,已婚,本科
USER_00846,21,5769.95,816,0.2079,269194.07,34,1,6,1,0,零售,已婚,本科
USER_00847,48,58353.36,828,0.3314,2202836.57,38,11,3,0,0,医疗,已婚,本科
USER_00848,49,12928.76,600,0.6404,481135.2,33,14,3,2,1,教育,离婚,大专
USER_00849,36,13266.37,766,0.4676,396142.0,30,18,8,1,0,其他,单身,博士
USER_00850,61,29074.37,743,0.4989,851229.26,52,6,3,1,1,教育,单身,硕士
USER_00851,20,5750.55,848,0.3963,219348.51,40,5,5,1,0,金融,已婚,硕士
USER_00852,42,9479.16,654,0.5576,422410.8,59,1,5,1,1,医疗,离婚,高中及以下
USER_00853,57,5937.72,767,0.4537,186040.32,25,16,8,0,0,其他,丧偶,硕士
USER_00854,67,5849.17,841,0.4725,137933.57,29,4,5,0,0,其他,离婚,大专
USER_00855,23,92794.47,650,0.3676,3499941.24,49,1,3,2,0,医疗,丧偶,硕士
USER_00856,66,9544.24,797,0.4019,118733.19,28,8,5,1,0,零售,丧偶,高中及以下
USER_00857,24,5604.38,762,0.3882,202409.77,48,6,1,0,0,教育,单身,硕士
USER_00858,39,14796.45,829,0.3886,777450.97,27,12,3,0,0,零售,丧偶,硕士
USER_00859,56,15914.58,639,0.1101,708644.83,45,16,3,4,2,其他,已婚,高中及以下
USER_00860,47,12251.11,688,0.6708,608080.46,13,11,9,1,1,IT,丧偶,硕士
USER_00861,24,67465.31,551,0.6253,1151263.7,60,2,3,4,3,医疗,单身,高中及以下
USER_00862,54,15905.04,731,0.5677,305889.65,24,6,1,2,1,房地产,丧偶,大专
USER_00863,30,18857.58,712,0.2625,747654.28,47,9,5,0,0,教育,丧偶,博士
USER_00864,31,7482.79,740,0.6888,348570.3,59,8,5,2,0,其他,离婚,高中及以下
USER_00865,23,5964.11,796,0.4674,135543.26,17,4,2,1,0,教育,单身,本科
USER_00866,37,19812.6,653,0.4031,1038993.71,35,1,1,1,1,金融,已婚,硕士
USER_00867,37,13334.64,715,0.165,465455.22,37,15,2,2,0,IT,丧偶,本科
USER_00868,38,6799.07,644,0.1241,285494.72,44,4,3,5,1,教育,离婚,高中及以下
USER_00869,18,11254.81,739,0.4897,515239.78,39,3,2,1,0,其他,已婚,硕士
USER_00870,45,60837.9,815,0.6563,830179.33,25,17,10,0,0,其他,离婚,博士
USER_00871,52,17181.21,817,0.3449,393231.85,32,3,7,1,0,IT,离婚,硕士
USER_00872,62,8101.34,776,0.6445,126931.36,13,1,7,0,0,医疗,丧偶,硕士
USER_00873,59,16535.84,643,0.2675,440503.41,31,2,5,2,0,零售,丧偶,高中及以下
USER_00874,40,29853.68,622,0.5083,1581994.87,48,9,1,2,2,其他,单身,高中及以下
USER_00875,34,5675.14,597,0.4662,312547.87,51,9,5,8,1,金融,离婚,高中及以下
USER_00876,38,19832.05,624,0.6086,1128594.22,32,10,1,2,0,零售,已婚,硕士
USER_00877,49,96932.16,303,0.5763,3943217.84,35,2,6,6,1,房地产,丧偶,本科
USER_00878,44,72701.41,625,0.4632,3835894.22,48,0,10,4,1,房地产,单身,本科
USER_00879,40,87410.47,780,0.4256,4234328.62,49,10,2,0,0,医疗,单身,高中及以下
USER_00880,32,22450.13,757,0.4886,559712.37,33,5,5,0,0,制造业,离婚,硕士
USER_00881,62,16456.0,761,0.3033,645431.98,51,7,1,1,0,医疗,离婚,硕士
USER_00882,22,8283.9,686,0.4865,259581.98,59,2,10,1,0,制造业,丧偶,大专
USER_00883,38,9584.56,694,0.6969,180841.4,44,1,8,2,0,其他,丧偶,本科
USER_00884,19,19284.85,659,0.3478,937519.14,22,1,10,1,1,房地产,离婚,本科
USER_00885,49,5774.4,590,0.3437,105373.06,43,3,6,9,1,零售,离婚,硕士
USER_00886,26,8726.51,604,0.4212,247779.13,52,7,6,4,0,制造业,丧偶,本科
USER_00887,36,14390.68,772,0.4887,240681.03,57,11,2,0,0,医疗,丧偶,高中及以下
USER_00888,18,22703.6,611,0.3204,939666.29,47,5,4,3,2,金融,离婚,高中及以下
USER_00889,59,5790.9,749,0.5267,88112.55,59,1,1,0,0,零售,已婚,博士
USER_00890,31,8946.53,616,0.2403,245708.81,14,15,4,2,1,医疗,离婚,博士
USER_00891,32,14745.07,617,0.2583,445911.83,28,19,2,2,0,制造业,丧偶,高中及以下
USER_00892,70,40431.04,688,0.5274,1355517.91,59,6,3,2,0,金融,离婚,大专
USER_00893,54,79638.09,719,0.4918,1896345.98,55,15,9,0,0,IT,离婚,大专
USER_00894,61,17566.93,490,0.3282,965163.06,30,2,5,10,1,教育,单身,高中及以下
USER_00895,44,22866.24,768,0.4241,467530.79,41,18,5,1,0,房地产,离婚,大专
USER_00896,50,60142.22,643,0.4302,1424454.92,14,11,8,4,2,IT,已婚,本科
USER_00897,19,16411.23,702,0.4452,581622.25,36,2,4,0,0,其他,单身,博士
USER_00898,46,34133.04,758,0.3071,902472.27,31,3,0,0,0,IT,离婚,高中及以下
USER_00899,59,8179.23,716,0.5695,467345.02,38,18,4,1,1,教育,离婚,博士
USER_00900,69,11473.53,452,0.4392,634037.66,52,11,5,6,3,其他,已婚,大专
USER_00901,24,18114.73,799,0.3848,861879.6,13,5,2,0,0,医疗,已婚,大专
USER_00902,21,6212.34,613,0.6633,357554.53,31,10,8,2,0,医疗,单身,大专
USER_00903,40,9049.61,824,0.2687,504258.27,50,3,10,1,0,医疗,丧偶,博士
USER_00904,45,18296.15,442,0.2814,706913.45,32,6,1,10,2,IT,单身,硕士
USER_00905,47,8736.88,723,0.3321,284654.58,23,12,2,2,0,零售,单身,硕士
USER_00906,34,15753.62,664,0.57,544364.55,31,9,6,0,0,零售,离婚,大专
USER_00907,46,9936.86,770,0.2753,400406.25,49,1,5,0,0,零售,单身,博士
USER_00908,54,10473.54,773,0.6618,473005.17,12,17,10,0,0,金融,单身,大专
USER_00909,48,15192.36,803,0.4853,470472.84,22,13,1,0,0,零售,已婚,硕士
USER_00910,48,13181.44,753,0.3935,723445.64,16,6,4,1,0,制造业,丧偶,大专
USER_00911,19,16569.38,707,0.3564,235822.38,23,10,8,0,0,教育,离婚,博士
USER_00912,69,14776.25,688,0.5142,649149.22,17,17,3,1,1,医疗,离婚,本科
USER_00913,42,13553.11,609,0.23,242115.93,49,8,4,2,2,金融,离婚,大专
USER_00914,40,13887.99,820,0.4866,222107.0,52,15,1,1,0,IT,单身,本科
USER_00915,34,9580.81,804,0.2856,366748.63,17,2,8,0,0,IT,已婚,博士
USER_00916,65,17286.6,845,0.5632,778752.49,43,9,5,0,0,IT,离婚,硕士
USER_00917,70,13526.7,665,0.5968,240664.95,29,3,9,2,1,房地产,丧偶,大专
USER_00918,27,6962.3,731,0.2316,210160.49,29,4,3,0,0,其他,丧偶,本科
USER_00919,29,30530.11,671,0.5809,754145.18,56,2,10,3,0,零售,离婚,博士
USER_00920,66,18814.14,770,0.2861,1122332.52,12,4,5,0,0,零售,丧偶,高中及以下
USER_00921,41,38359.4,734,0.3306,1514842.94,35,9,4,2,1,金融,单身,大专
USER_00922,38,18280.57,723,0.249,817137.22,33,18,1,0,1,IT,单身,高中及以下
USER_00923,36,5925.86,714,0.4202,71497.01,32,7,4,2,1,零售,单身,高中及以下
USER_00924,52,18614.12,316,0.4839,398447.3,58,10,10,3,3,房地产,单身,本科
USER_00925,49,80511.05,604,0.3045,4636066.79,33,8,6,2,0,IT,已婚,博士
USER_00926,53,16294.23,674,0.3275,802029.13,39,6,0,3,0,教育,离婚,本科
USER_00927,64,6737.69,391,0.567,320829.05,49,4,1,7,3,其他,丧偶,硕士
USER_00928,22,54140.01,619,0.6305,3240612.83,34,20,0,3,0,房地产,离婚,本科
USER_00929,70,12657.13,473,0.2646,310194.56,24,19,5,10,3,房地产,丧偶,本科
USER_00930,45,87916.44,335,0.271,2211703.85,20,1,1,9,3,制造业,离婚,高中及以下
USER_00931,53,7438.65,732,0.2296,236912.06,52,6,3,2,0,医疗,丧偶,大专
USER_00932,56,11856.91,668,0.4651,354817.59,12,16,0,3,1,教育,离婚,博士
USER_00933,62,14898.64,797,0.349,178831.65,30,7,10,0,0,IT,离婚,高中及以下
USER_00934,45,19164.51,643,0.2359,758822.53,59,6,6,1,1,IT,离婚,高中及以下
USER_00935,47,17839.78,652,0.6946,616910.87,19,13,4,3,1,制造业,丧偶,高中及以下
USER_00936,24,10087.62,619,0.4762,150402.8,15,3,10,5,0,其他,已婚,高中及以下
USER_00937,43,12611.63,833,0.2498,250035.83,45,12,7,1,0,房地产,已婚,大专
USER_00938,50,5750.05,603,0.3713,265242.55,47,7,5,5,1,房地产,单身,大专
USER_00939,21,18648.54,649,0.2909,769396.97,29,10,1,1,0,金融,已婚,硕士
USER_00940,19,79974.48,634,0.4185,3017587.32,30,14,2,4,0,金融,已婚,本科
USER_00941,69,13730.35,657,0.2989,228819.12,59,4,5,3,0,其他,丧偶,高中及以下
USER_00942,50,16687.56,669,0.5525,986832.37,37,19,1,3,1,教育,已婚,本科
USER_00943,62,17731.04,805,0.2871,1020159.45,35,3,9,1,0,金融,离婚,大专
USER_00944,68,5535.15,765,0.6583,226889.98,59,7,6,0,0,其他,已婚,博士
USER_00945,56,31158.98,721,0.6131,1678623.3,42,2,5,2,0,IT,离婚,本科
USER_00946,41,14717.32,673,0.4307,239704.95,56,10,6,2,1,其他,已婚,大专
USER_00947,50,5273.28,729,0.5829,292454.07,18,3,5,1,1,零售,单身,大专
USER_00948,36,15404.39,661,0.612,484993.43,55,4,10,3,0,教育,离婚,高中及以下
USER_00949,44,41167.72,683,0.469,1352988.78,47,10,3,3,1,IT,离婚,高中及以下
USER_00950,39,7065.73,770,0.6767,225218.71,39,8,5,0,0,零售,单身,高中及以下
USER_00951,69,17556.41,757,0.3751,370367.3,28,8,3,1,0,金融,已婚,大专
USER_00952,27,59520.75,661,0.4994,2125350.51,30,1,4,3,0,其他,已婚,大专
USER_00953,33,11142.12,430,0.5791,332943.79,18,2,8,6,3,房地产,单身,大专
USER_00954,61,11065.66,541,0.6223,499110.16,45,3,5,8,1,制造业,单身,博士
USER_00955,33,11569.05,611,0.6373,231692.2,47,20,2,3,1,医疗,单身,高中及以下
USER_00956,42,7919.0,623,0.3672,377852.68,45,19,5,3,1,零售,单身,高中及以下
USER_00957,60,30833.1,783,0.1059,385976.34,42,7,4,0,0,教育,离婚,高中及以下
USER_00958,46,16616.48,834,0.2066,948166.48,41,10,5,1,0,房地产,已婚,本科
USER_00959,64,14058.22,772,0.4612,625735.59,31,11,2,1,0,医疗,已婚,大专
USER_00960,55,15167.95,770,0.5268,337703.68,21,13,8,1,0,金融,丧偶,大专
USER_00961,40,15446.54,788,0.2737,575579.12,50,18,5,0,0,房地产,丧偶,本科
USER_00962,70,8509.35,760,0.2091,168979.2,18,9,3,0,0,医疗,离婚,高中及以下
USER_00963,60,6048.94,747,0.3651,107832.25,33,8,6,1,1,制造业,已婚,硕士
USER_00964,57,9806.81,830,0.2743,337210.34,54,8,3,0,0,教育,丧偶,高中及以下
USER_00965,29,16426.5,616,0.6423,569947.0,59,1,5,3,2,IT,单身,本科
USER_00966,61,15051.98,705,0.4044,299703.61,48,3,5,2,1,零售,丧偶,硕士
USER_00967,48,31636.25,678,0.239,1404875.55,25,7,9,2,1,医疗,已婚,硕士
USER_00968,57,15179.2,819,0.3794,661300.27,12,1,4,1,0,医疗,已婚,大专
USER_00969,44,87886.75,615,0.4845,1416315.22,17,3,7,1,0,零售,丧偶,高中及以下
USER_00970,44,78860.58,780,0.6327,4126815.67,59,9,1,1,0,金融,已婚,本科
USER_00971,42,6742.73,686,0.2069,157425.64,18,6,3,3,1,IT,丧偶,本科
USER_00972,32,15643.01,663,0.3731,931667.07,40,6,1,0,1,IT,已婚,高中及以下
USER_00973,28,9629.96,610,0.2645,556934.43,16,1,5,2,0,房地产,丧偶,大专
USER_00974,29,5742.52,762,0.1368,199634.95,54,10,7,0,0,其他,单身,博士
USER_00975,70,13528.86,757,0.4551,182693.2,15,8,6,1,0,其他,丧偶,本科
USER_00976,35,6369.53,689,0.6848,203729.08,13,7,2,3,1,金融,已婚,大专
USER_00977,56,19316.94,788,0.42,413056.79,56,17,6,0,0,制造业,已婚,大专
USER_00978,23,17707.34,723,0.4528,390658.85,54,9,3,0,1,IT,已婚,高中及以下
USER_00979,26,13220.69,754,0.4348,517830.94,16,8,4,1,0,医疗,单身,本科
USER_00980,38,14092.1,757,0.6068,478285.71,30,5,3,0,0,零售,单身,博士
USER_00981,21,11801.06,721,0.5592,353043.77,14,1,1,1,0,其他,离婚,博士
USER_00982,27,70125.33,615,0.3541,4207240.21,31,11,4,5,1,制造业,离婚,本科
USER_00983,20,69262.26,795,0.4027,3015121.32,55,10,10,0,0,房地产,丧偶,大专
USER_00984,39,15980.06,848,0.6141,916792.57,24,20,9,1,0,零售,单身,大专
USER_00985,43,8712.94,850,0.2303,465787.39,41,2,3,0,0,医疗,丧偶,大专
USER_00986,44,8018.19,713,0.3651,224748.17,26,10,4,2,0,零售,丧偶,博士
USER_00987,46,61221.86,679,0.5732,2479115.51,55,8,5,2,1,房地产,丧偶,大专
USER_00988,55,11818.96,833,0.2111,642165.35,46,15,4,1,0,医疗,已婚,硕士
USER_00989,32,12819.26,627,0.1487,680088.7,44,2,1,5,1,房地产,丧偶,高中及以下
USER_00990,33,9002.94,679,0.468,167674.27,12,2,5,1,1,医疗,丧偶,大专
USER_00991,25,16110.5,821,0.2633,576153.84,33,11,4,0,0,医疗,已婚,博士
USER_00992,40,9408.23,607,0.3371,534559.01,29,4,3,3,2,房地产,已婚,本科
USER_00993,27,38116.5,798,0.2933,1660038.2,36,12,8,0,0,零售,已婚,大专
USER_00994,47,10559.39,681,0.2561,417179.59,50,11,5,3,1,医疗,丧偶,硕士
USER_00995,39,8186.01,720,0.2093,198380.11,22,2,7,0,1,IT,离婚,博士
USER_00996,52,16586.06,603,0.4166,214812.66,51,3,3,1,2,医疗,离婚,本科
USER_00997,38,19108.43,688,0.2282,277871.83,56,3,1,0,1,零售,离婚,本科
USER_00998,63,17349.09,726,0.268,973235.25,44,20,3,2,1,房地产,单身,博士
USER_00999,67,10386.14,617,0.2025,264277.44,34,9,1,2,1,零售,已婚,硕士
USER_01000,55,26849.11,545,0.2061,449653.16,23,2,6,8,2,教育,离婚,硕士
